Host species,Common Name,Virus family,Virus genus,Virus name,Baltimore classification,Category,NucAcid,Spherical,Filamentous,Pleomorphic,Bullet-form,Lipid Envelope,Fecal.Oral,Fecal.Oral.Reference,Arbovirus,Arbovirus.Reference,Inhalation.Aerosols,Inhalation.Aerosols.Reference,Inhalation.Dust,Inhalation.Dust.Reference,Sexual,Sexual.Reference,Eating,Eating.Reference,Oral.Bloodstream,Oral.Bloodstream.Reference,Breastfeeding,Breastfeeding.Reference,Congenital/vertical,Congenital/vertical.Reference,Germ.line,Germ.line.Reference,Blood.Products,Blood.Products.Reference,Contact.Skin.or.Eye,Contact.Skin.or.Eye.Reference
Felis catus,Cat,Poxviridae,Orthopoxvirus,Cowpox,I,,DNA,FALSE,FALSE,FALSE,TRUE,TRUE,FALSE,PubMedNeg,FALSE,PubMedNeg,FALSE,PubMedNeg,FALSE,PubMedNeg,FALSE,PubMedNeg,TRUE,PMID:23813814,FALSE,PubMedNeg,FALSE,PubMedNeg,FALSE,PubMedNeg,FALSE,PubMedNeg,FALSE,PubMedNeg,TRUE,"PMID: 17359444, PMID: 12963921"
Felis catus,Cat,Astroviridae,Mamastrovirus,Feline astrovirus,IV,,RNA,TRUE,FALSE,FALSE,FALSE,FALSE,TRUE,PMID:24793097,FALSE,PubMedNeg,FALSE,PubMedNeg,FALSE,PubMedNeg,FALSE,PubMedNeg,FALSE,PubMedNeg,FALSE,PubMedNeg,FALSE,PubMedNeg,FALSE,PubMedNeg,FALSE,PubMedNeg,FALSE,PubMedNeg,FALSE,PubMedNeg
Felis catus,Cat,Caliciviridae,Vesivirus,Feline calicivirus,IV,,RNA,TRUE,FALSE,FALSE,FALSE,FALSE,TRUE,PMID: 15123152,FALSE,PubMedNeg,TRUE,"PMID: 15123152, 17296159",FALSE,PubMedNeg,FALSE,PubMedNeg,TRUE,PMID: 17296159,FALSE,PubMedNeg,FALSE,PubMedNeg,FALSE,PMID: 17296159,FALSE,PubMedNeg,FALSE,PubMedNeg,TRUE,PMID: 17296159
Felis catus,Cat,Coronaviridae,Alphacoronavirus,Feline enteric coronavirus,IV,,RNA,TRUE,FALSE,FALSE,FALSE,TRUE,TRUE,"PMID: 18538604, PMID: 15123152",FALSE,PubMedNeg,FALSE,PubMedNeg,FALSE,PubMedNeg,FALSE,PubMedNeg,FALSE,PubMedNeg,FALSE,PubMedNeg,FALSE,PubMedNeg,FALSE,PubMedNeg,FALSE,PubMedNeg,FALSE,PubMedNeg,FALSE,PubMedNeg
Felis catus,Cat,Retroviridae,Felispumavirus,Feline foamy virus,VI,,RNA,TRUE,FALSE,FALSE,FALSE,TRUE,FALSE,PubMedNeg,FALSE,PubMedNeg,FALSE,PubMedNeg,FALSE,PubMedNeg,FALSE,PubMedNeg,TRUE,PMID: 29197389,TRUE,PMID: 29197389,FALSE,PubMedNeg,FALSE,PubMedNeg,FALSE,PubMedNeg,FALSE,PubMedNeg,TRUE,PMID: 29197389
Felis catus,Cat,Herpesviridae,Varicellovirus,Feline Herpes virus 1,I,,DNA,TRUE,FALSE,FALSE,FALSE,TRUE,FALSE,PubMedNeg,FALSE,PubMedNeg,FALSE,PubMedNeg,FALSE,PubMedNeg,FALSE,PubMedNeg,FALSE,PubMedNeg,TRUE,PMID:25010275,FALSE,PubMedNeg,FALSE,PubMedNeg,FALSE,PubMedNeg,FALSE,PubMedNeg,FALSE,PubMedNeg
Felis catus,Cat,Retroviridae,Lentivirus,Feline immunodeficiency virus,VI,,RNA,TRUE,FALSE,FALSE,FALSE,TRUE,FALSE,PubMedNeg,FALSE,PubMedNeg,FALSE,PubMedNeg,FALSE,PubMedNeg,TRUE,PMID: 10213322,FALSE,PubMedNeg,TRUE,PMID: 10213322,TRUE,PMID: 10213322,TRUE,PMID: 10213322,FALSE,PubMedNeg,FALSE,PubMedNeg,FALSE,PubMedNeg
Felis catus,Cat,Coronaviridae,Alphacoronavirus,Feline infectious peritonitis virus,IV,,RNA,TRUE,FALSE,FALSE,FALSE,TRUE,TRUE,PMID:18538604,FALSE,PubMedNeg,TRUE,PMID: 25265870,FALSE,PubMedNeg,FALSE,PubMedNeg,FALSE,PubMedNeg,FALSE,PubMedNeg,FALSE,PubMedNeg,FALSE,PubMedNeg,FALSE,PubMedNeg,FALSE,PubMedNeg,FALSE,PubMedNeg
Felis catus,Cat,Retroviridae,Gammaretrovirus,Feline leukemia virus,VI,,RNA,TRUE,FALSE,FALSE,FALSE,TRUE,FALSE,PubMedNeg,TRUE,PMID: 14557874,FALSE,PubMedNeg,FALSE,PubMedNeg,FALSE,PubMedNeg,FALSE,PubMedNeg,TRUE,PMID: 19481036,FALSE,PubMedNeg,FALSE,PubMedNeg,FALSE,PubMedNeg,FALSE,PMID: 26689419,TRUE,PMID: 19481036
Felis catus,Cat,Parvoviridae,Protoparvovirus,Feline panleukopenia virus,II,,DNA,TRUE,FALSE,FALSE,FALSE,FALSE,TRUE,PMID: 19481033,FALSE,PubMedNeg,FALSE,PubMedNeg,FALSE,PubMedNeg,FALSE,PubMedNeg,FALSE,PubMedNeg,FALSE,PubMedNeg,FALSE,PubMedNeg,TRUE,PMID: 19481033,FALSE,PubMedNeg,FALSE,PubMedNeg,TRUE,PMID: 19481033
Felis catus,Cat,Papillomaviridae,Lambdapapillomavirus,Feline papillomavirus,I,,DNA,TRUE,FALSE,FALSE,FALSE,FALSE,FALSE,PubMedNeg,FALSE,PubMedNeg,FALSE,PubMedNeg,FALSE,PubMedNeg,FALSE,PubMedNeg,FALSE,PubMedNeg,FALSE,PubMedNeg,FALSE,PubMedNeg,FALSE,PubMedNeg,FALSE,PubMedNeg,TRUE,PMID:23813815,TRUE,PMID: 25541379
Felis catus,Cat,Orthomyxoviridae,Alphainfluenzavirus,Influenza A virus,V,,RNA,FALSE,FALSE,FALSE,TRUE,TRUE,FALSE,PubMedNeg,FALSE,PubMedNeg,TRUE,PMID: 29260686,FALSE,PubMedNeg,FALSE,PubMedNeg,TRUE,PMID: 19481042,FALSE,PubMedNeg,FALSE,PubMedNeg,FALSE,PubMedNeg,FALSE,PubMedNeg,FALSE,PubMedNeg,FALSE,PubMedNeg
Felis catus,Cat,Herpesviridae,Varicellovirus,Pseudorabies virus/Suid Herpesvirus 1,I,,DNA,TRUE,FALSE,FALSE,FALSE,TRUE,FALSE,PubMedNeg,FALSE,PubMedNeg,TRUE,PMID: 2186503,FALSE,PubMedNeg,FALSE,PubMedNeg,TRUE,PMID: 2186503,FALSE,PubMedNeg,FALSE,PubMedNeg,FALSE,PubMedNeg,FALSE,PubMedNeg,FALSE,PubMedNeg,TRUE,PMID: 2186503
Felis catus,Cat,Rhabdoviridae,Lyssavirus,Rabies virus,V,,RNA,FALSE,TRUE,FALSE,FALSE,TRUE,FALSE,PubMedNeg,FALSE,PubMedNeg,FALSE,PubMedNeg,FALSE,PubMedNeg,FALSE,PubMedNeg,FALSE,PubMedNeg,TRUE,PMID: 11242755,FALSE,PubMedNeg,FALSE,PubMedNeg,FALSE,PubMedNeg,FALSE,PubMedNeg,FALSE,PubMedNeg
Gallus gallus,Chicken,Picornaviridae,Tremovirus,Avian encephalomyelitis virus,IV,,RNA,TRUE,FALSE,FALSE,FALSE,FALSE,TRUE,"Studies on avian encephalomyelitis. IV Epizootiology BW Calnek, PJ Taylor, M Sevoian - Avian Diseases, 1960",FALSE,PubMedNeg,FALSE,PubMedNeg,FALSE,PubMedNeg,FALSE,PubMedNeg,FALSE,PubMedNeg,FALSE,PubMedNeg,FALSE,PubMedNeg,TRUE,PMID: 26493005,FALSE,PubMedNeg,FALSE,PubMedNeg,FALSE,PubMedNeg
Gallus gallus,Chicken,Coronaviridae,Gammacoronavirus,Avian infectious bronchitis virus,IV,,RNA,TRUE,FALSE,FALSE,FALSE,TRUE,TRUE,PMID: 10935276,FALSE,PubMedNeg,TRUE,PMID: 10935276,FALSE,PubMedNeg,FALSE,PubMedNeg,TRUE,PMID: 10935276,FALSE,PubMedNeg,FALSE,PubMedNeg,FALSE,PubMedNeg,FALSE,PubMedNeg,FALSE,PubMedNeg,FALSE,PubMedNeg
Gallus gallus,Chicken,Retroviridae,Alpharetrovirus,Avian leukosis virus,VI,,RNA,TRUE,FALSE,FALSE,FALSE,TRUE,FALSE,PubMedNeg,FALSE,PubMedNeg,FALSE,PubMedNeg,FALSE,PubMedNeg,TRUE,PMID: 28662658,FALSE,PubMedNeg,FALSE,PubMedNeg,FALSE,PubMedNeg,TRUE,PMID: 28662658,FALSE,PubMedNeg,FALSE,PubMedNeg,TRUE,PMID:191622
Gallus gallus,Chicken,Astroviridae,Avastrovirus,"Avian nephritis virus 1,2",IV,,RNA,TRUE,FALSE,FALSE,FALSE,FALSE,TRUE,https://www.merckvetmanual.com/poultry/avian-nephritis-viral-infections/overview-of-avian-nephritis-viral-infections,FALSE,PubMedNeg,FALSE,PubMedNeg,FALSE,PubMedNeg,FALSE,PubMedNeg,FALSE,PubMedNeg,FALSE,PubMedNeg,FALSE,PubMedNeg,TRUE,https://www.merckvetmanual.com/poultry/avian-nephritis-viral-infections/overview-of-avian-nephritis-viral-infections,FALSE,PubMedNeg,FALSE,PubMedNeg,FALSE,PubMedNeg
Gallus gallus,Chicken,Reoviridae,Orthoreovirus,Avian orthoreovirus,III,,RNA,TRUE,FALSE,FALSE,FALSE,FALSE,TRUE,"Fenner, Frank J.; Gibbs, E. Paul J.; Murphy, Frederick A.; Rott, Rudolph; Studdert, Michael J.; White, David O. (1993). Veterinary Virology (2nd ed.). Academic Press, Inc. ISBN 978-0-12-253056-2",FALSE,PubMedNeg,FALSE,PubMedNeg,FALSE,PubMedNeg,FALSE,PubMedNeg,FALSE,PubMedNeg,FALSE,PubMedNeg,FALSE,PubMedNeg,FALSE,PubMedNeg,FALSE,PubMedNeg,FALSE,PubMedNeg,FALSE,PubMedNeg
Gallus gallus,Chicken,Orthomyxoviridae,Thogotovirus,Batken,V,,RNA,FALSE,FALSE,FALSE,TRUE,TRUE,FALSE,PubMedNeg,TRUE,PMID: 4150914,FALSE,PubMedNeg,FALSE,PubMedNeg,FALSE,PubMedNeg,FALSE,PubMedNeg,FALSE,PubMedNeg,FALSE,PubMedNeg,FALSE,PubMedNeg,FALSE,PubMedNeg,FALSE,PubMedNeg,FALSE,PubMedNeg
Gallus gallus,Chicken,Anelloviridae,Gyrovirus,Chicken anemia virus,I,,DNA,TRUE,FALSE,FALSE,FALSE,FALSE,TRUE,PMID: 18177972,FALSE,PubMedNeg,FALSE,PubMedNeg,FALSE,PubMedNeg,FALSE,PubMedNeg,FALSE,PubMedNeg,FALSE,PubMedNeg,FALSE,PubMedNeg,TRUE,PMID: 18177972,FALSE,PubMedNeg,FALSE,PubMedNeg,TRUE,PMID: 18177972
Gallus gallus,Chicken,Togaviridae,Alphavirus,Eastern equine encephalitis virus,IV,,RNA,TRUE,FALSE,FALSE,FALSE,TRUE,FALSE,PubMedNeg,TRUE,PMID: 7707062,FALSE,PubMedNeg,FALSE,PubMedNeg,FALSE,PubMedNeg,FALSE,PubMedNeg,FALSE,PubMedNeg,FALSE,PubMedNeg,FALSE,PubMedNeg,FALSE,PubMedNeg,FALSE,PubMedNeg,FALSE,PubMedNeg
Gallus gallus,Chicken,Poxviridae,Avipoxvirus,Fowlpox,I,,DNA,FALSE,FALSE,FALSE,TRUE,TRUE,FALSE,PubMedNeg,TRUE,"PMID: 230416, Fenner, Frank J.; Gibbs, E. Paul J.; Murphy, Frederick A.; Rott, Rudolph; Studdert, Michael J.; White, David O. (1993). Veterinary Virology (2nd ed.). Academic Press, Inc. ISBN 978-0-12-253056-2",TRUE,"Fenner, Frank J.; Gibbs, E. Paul J.; Murphy, Frederick A.; Rott, Rudolph; Studdert, Michael J.; White, David O. (1993). Veterinary Virology (2nd ed.). Academic Press, Inc. ISBN 978-0-12-253056-2",FALSE,PubMedNeg,FALSE,PubMedNeg,FALSE,PubMedNeg,FALSE,PubMedNeg,FALSE,PubMedNeg,FALSE,PubMedNeg,FALSE,PubMedNeg,TRUE,"Fenner, Frank J.; Gibbs, E. Paul J.; Murphy, Frederick A.; Rott, Rudolph; Studdert, Michael J.; White, David O. (1993). Veterinary Virology (2nd ed.). Academic Press, Inc. ISBN 978-0-12-253056-2",FALSE,PubMedNeg
Gallus gallus,Chicken,Birnaviridae,Avibirnavirus,Infectious bursal disease virus,III,,RNA,TRUE,FALSE,FALSE,FALSE,FALSE,TRUE,PMID: 25892716,FALSE,PubMedNeg,FALSE,PubMedNeg,FALSE,PubMedNeg,FALSE,PubMedNeg,FALSE,PubMedNeg,FALSE,PubMedNeg,FALSE,PubMedNeg,FALSE,PubMedNeg,FALSE,PubMedNeg,FALSE,PubMedNeg,FALSE,PubMedNeg
Gallus gallus,Chicken,Orthomyxoviridae,Alphainfluenzavirus,Influenza A virus,V,,RNA,FALSE,FALSE,FALSE,TRUE,TRUE,TRUE,"PMID: 9878612, PMID: 19747706",FALSE,PubMedNeg,TRUE,PMID: 19747706,FALSE,PubMedNeg,FALSE,PubMedNeg,FALSE,PubMedNeg,FALSE,PubMedNeg,FALSE,PubMedNeg,FALSE,PubMedNeg,FALSE,PubMedNeg,FALSE,PubMedNeg,TRUE,PMID: 19747706
Gallus gallus,Chicken,Herpesviridae,Mardivirus,Marek's disease virus,I,,DNA,TRUE,FALSE,FALSE,FALSE,TRUE,FALSE,PubMedNeg,FALSE,PubMedNeg,FALSE,PubMedNeg,TRUE,PMID: 17479368,FALSE,PubMedNeg,FALSE,PubMedNeg,FALSE,PubMedNeg,FALSE,PubMedNeg,FALSE,PubMedNeg,FALSE,PubMedNeg,FALSE,PubMedNeg,FALSE,PubMedNeg
Gallus gallus,Chicken,Paramyxoviridae,Avulavirus,Newcastle Disease virus,V,,RNA,TRUE,FALSE,TRUE,TRUE,TRUE,FALSE,PubMedNeg,FALSE,PubMedNeg,FALSE,PubMedNeg,FALSE,PubMedNeg,FALSE,PubMedNeg,FALSE,PubMedNeg,FALSE,PubMedNeg,FALSE,PubMedNeg,FALSE,PubMedNeg,FALSE,PubMedNeg,FALSE,PubMedNeg,TRUE,"PMID: 25568709, PMID: 25105514"
Gallus gallus,Chicken,Hepeviridae,Orthohepevirus,Orthohepevirus B,IV,,RNA,TRUE,FALSE,FALSE,FALSE,FALSE,TRUE,PMID: 28882185,FALSE,PubMedNeg,FALSE,PubMedNeg,FALSE,PubMedNeg,FALSE,PubMedNeg,FALSE,PubMedNeg,FALSE,PubMedNeg,FALSE,PubMedNeg,FALSE,PubMedNeg,FALSE,PubMedNeg,FALSE,PubMedNeg,FALSE,PubMedNeg
Gallus gallus,Chicken,Flaviviridae,Flavivirus,St. Louis encephalitis virus,IV,,RNA,TRUE,FALSE,FALSE,FALSE,TRUE,FALSE,PubMedNeg,TRUE,PMID: 23474474,FALSE,PubMedNeg,FALSE,PubMedNeg,FALSE,PubMedNeg,FALSE,PubMedNeg,FALSE,PubMedNeg,FALSE,PubMedNeg,FALSE,PubMedNeg,FALSE,PubMedNeg,FALSE,PubMedNeg,FALSE,PubMedNeg
Gallus gallus,Chicken,Togaviridae,Alphavirus,Venezuelan equine encephalitis virus,IV,,RNA,TRUE,FALSE,FALSE,FALSE,TRUE,FALSE,PubMedNeg,TRUE,PMID: 12804375,FALSE,PubMedNeg,FALSE,PubMedNeg,FALSE,PubMedNeg,FALSE,PubMedNeg,FALSE,PubMedNeg,FALSE,PubMedNeg,FALSE,PubMedNeg,FALSE,PubMedNeg,FALSE,PubMedNeg,FALSE,PubMedNeg
Gallus gallus,Chicken,Togaviridae,Alphavirus,Western equine encephalitis virus,IV,,RNA,TRUE,FALSE,FALSE,FALSE,TRUE,FALSE,PubMedNeg,TRUE,PMID: 7616515,FALSE,PubMedNeg,FALSE,PubMedNeg,FALSE,PubMedNeg,FALSE,PubMedNeg,FALSE,PubMedNeg,FALSE,PubMedNeg,FALSE,PubMedNeg,FALSE,PubMedNeg,FALSE,PubMedNeg,FALSE,PubMedNeg
Bos taurus,Cow,Peribunyaviridae,Orthobunyavirus,Akabane orthobunyavirus,V,,RNA,TRUE,FALSE,FALSE,FALSE,TRUE,FALSE,PubMedNeg,TRUE,PMID: 25597441,FALSE,PubMedNeg,FALSE,PubMedNeg,FALSE,PubMedNeg,FALSE,PubMedNeg,FALSE,PubMedNeg,FALSE,PubMedNeg,FALSE,PubMedNeg,FALSE,PubMedNeg,FALSE,PubMedNeg,FALSE,PubMedNeg
Bos taurus,Cow,Herpesviridae,Macavirus,Alcelaphine herpesvirus 1,I,,DNA,TRUE,FALSE,FALSE,FALSE,TRUE,FALSE,PubMedNeg,FALSE,PubMedNeg,TRUE,PMID: 16621344,FALSE,PubMedNeg,FALSE,PubMedNeg,FALSE,PubMedNeg,FALSE,PubMedNeg,FALSE,PubMedNeg,FALSE,PubMedNeg,FALSE,PubMedNeg,FALSE,PubMedNeg,FALSE,PubMedNeg
Bos taurus,Cow,Reoviridae,Orbivirus,Bluetongue virus,III,,RNA,TRUE,FALSE,FALSE,FALSE,FALSE,FALSE,PubMedNeg,TRUE,PMID: 25597441,FALSE,PubMedNeg,FALSE,PubMedNeg,FALSE,PubMedNeg,FALSE,PubMedNeg,FALSE,PubMedNeg,FALSE,PubMedNeg,TRUE,PMID: 24645633,FALSE,PubMedNeg,TRUE,PMID: 26853457 ,TRUE,PMID: 24645633
Bos taurus,Cow,Astroviridae,Mamastrovirus,Bovine astrovirus,IV,,RNA,TRUE,FALSE,FALSE,FALSE,FALSE,TRUE,"Fenner, Frank J.; Gibbs, E. Paul J.; Murphy, Frederick A.; Rott, Rudolph; Studdert, Michael J.; White, David O. (1993). Veterinary Virology (2nd ed.). Academic Press, Inc. ISBN 978-0-12-253056-2",FALSE,PubMedNeg,FALSE,PubMedNeg,FALSE,PubMedNeg,FALSE,PubMedNeg,FALSE,PubMedNeg,FALSE,PubMedNeg,FALSE,PubMedNeg,FALSE,PubMedNeg,FALSE,PubMedNeg,FALSE,PubMedNeg,FALSE,PubMedNeg
Bos taurus,Cow,Caliciviridae,Vesivirus,Bovine calicivirus ,IV,,RNA,TRUE,FALSE,FALSE,FALSE,FALSE,TRUE,PMID: 12239283,FALSE,PubMedNeg,FALSE,PubMedNeg,FALSE,PubMedNeg,FALSE,PubMedNeg,FALSE,PubMedNeg,FALSE,PubMedNeg,FALSE,PubMedNeg,FALSE,PubMedNeg,FALSE,PubMedNeg,FALSE,PubMedNeg,FALSE,PubMedNeg
Bos taurus,Cow,Picornaviridae,Enterovirus,Bovine enteroviruses,IV,,RNA,TRUE,FALSE,FALSE,FALSE,FALSE,TRUE,PMID: 12089028,FALSE,PubMedNeg,FALSE,PubMedNeg,FALSE,PubMedNeg,FALSE,PubMedNeg,FALSE,PubMedNeg,FALSE,PubMedNeg,FALSE,PubMedNeg,FALSE,PubMedNeg,FALSE,PubMedNeg,FALSE,PubMedNeg,FALSE,PubMedNeg
Bos taurus,Cow,Rhabdoviridae,Ephemerovirus,Bovine ephemeral fever virus,V,,RNA,FALSE,TRUE,FALSE,FALSE,TRUE,FALSE,PubMedNeg,TRUE,PMID: 12442580,FALSE,PubMedNeg,FALSE,PubMedNeg,FALSE,PubMedNeg,FALSE,PubMedNeg,FALSE,PubMedNeg,FALSE,PubMedNeg,FALSE,PubMedNeg,FALSE,PubMedNeg,FALSE,PubMedNeg,FALSE,PubMedNeg
Bos taurus,Cow,Herpesviridae,Varicellovirus,Bovine herpesvirus 1,I,,DNA,TRUE,FALSE,FALSE,FALSE,TRUE,FALSE,PubMedNeg,FALSE,PubMedNeg,TRUE,PMID: 10925036,FALSE,PubMedNeg,TRUE,PMID: 7610554,FALSE,PubMedNeg,FALSE,PubMedNeg,FALSE,PubMedNeg,TRUE,PMID: 10789518,FALSE,PubMedNeg,FALSE,PubMedNeg,FALSE,PubMedNeg
Bos taurus,Cow,Herpesviridae,Simplexvirus,Bovine herpesvirus 2,I,,DNA,TRUE,FALSE,FALSE,FALSE,TRUE,FALSE,PubMedNeg,FALSE,PubMedNeg,TRUE,PMID: 6282532,FALSE,PubMedNeg,FALSE,PubMedNeg,TRUE,PMID: 6282532,FALSE,PubMedNeg,FALSE,PubMedNeg,FALSE,PubMedNeg,FALSE,PubMedNeg,FALSE,PubMedNeg,FALSE,PubMedNeg
Bos taurus,Cow,Retroviridae,Lentivirus,Bovine immunodeficiency virus,VI,,RNA,TRUE,FALSE,FALSE,FALSE,TRUE,FALSE,PubMedNeg,FALSE,PubMedNeg,FALSE,PubMedNeg,FALSE,PubMedNeg,FALSE,PubMedNeg,FALSE,PubMedNeg,FALSE,PubMedNeg,FALSE,PubMedNeg,FALSE,PubMedNeg,FALSE,PubMedNeg,FALSE,PubMedNeg,FALSE,PMID: 10232381
Bos taurus,Cow,Retroviridae,Deltaretrovirus,Bovine leukemia virus,VI,,RNA,TRUE,FALSE,FALSE,FALSE,TRUE,FALSE,PubMedNeg,FALSE,PubMedNeg,FALSE,PubMedNeg,FALSE,PubMedNeg,FALSE,PubMedNeg,FALSE,PubMedNeg,FALSE,PubMedNeg,FALSE,PubMedNeg,TRUE,PMID: 6790919,FALSE,PubMedNeg,TRUE,PMID: 30940091,TRUE,"Fenner, Frank J.; Gibbs, E. Paul J.; Murphy, Frederick A.; Rott, Rudolph; Studdert, Michael J.; White, David O. (1993). Veterinary Virology (2nd ed.). Academic Press, Inc. ISBN 978-0-12-253056-2"
Bos taurus,Cow,Pneumoviridae,Orthopneumovirus,Bovine orthopneumovirus,V,,RNA,TRUE,FALSE,TRUE,TRUE,TRUE,FALSE,PubMedNeg,FALSE,PubMedNeg,TRUE,PMID: 10227122 ,FALSE,PubMedNeg,FALSE,PubMedNeg,FALSE,PubMedNeg,FALSE,PubMedNeg,FALSE,PubMedNeg,FALSE,PubMedNeg,FALSE,PubMedNeg,FALSE,PubMedNeg,FALSE,PubMedNeg
Bos taurus,Cow,Poxviridae,Parapoxvirus,Bovine papular stomatitis virus,I,,DNA,FALSE,FALSE,FALSE,TRUE,TRUE,FALSE,PubMedNeg,FALSE,PubMedNeg,FALSE,PubMedNeg,FALSE,PubMedNeg,FALSE,PubMedNeg,FALSE,PubMedNeg,FALSE,PubMedNeg,FALSE,PubMedNeg,FALSE,PubMedNeg,FALSE,PubMedNeg,FALSE,PubMedNeg,TRUE,"Fenner, Frank J.; Gibbs, E. Paul J.; Murphy, Frederick A.; Rott, Rudolph; Studdert, Michael J.; White, David O. (1993). Veterinary Virology (2nd ed.). Academic Press, Inc. ISBN 978-0-12-253056-2"
Bos taurus,Cow,Paramyxoviridae,Respirovirus,Bovine parainfluenza virus,V,,RNA,TRUE,FALSE,TRUE,TRUE,TRUE,FALSE,PubMedNeg,FALSE,PubMedNeg,TRUE,"Fenner, Frank J.; Gibbs, E. Paul J.; Murphy, Frederick A.; Rott, Rudolph; Studdert, Michael J.; White, David O. (1993). Veterinary Virology (2nd ed.). Academic Press, Inc. ISBN 978-0-12-253056-2",FALSE,PubMedNeg,FALSE,PubMedNeg,FALSE,PubMedNeg,FALSE,PubMedNeg,FALSE,PubMedNeg,FALSE,PubMedNeg,FALSE,PubMedNeg,FALSE,PubMedNeg,TRUE,"Fenner, Frank J.; Gibbs, E. Paul J.; Murphy, Frederick A.; Rott, Rudolph; Studdert, Michael J.; White, David O. (1993). Veterinary Virology (2nd ed.). Academic Press, Inc. ISBN 978-0-12-253056-2"
Bos taurus,Cow,Parvoviridae,Bocaparvovirus,Bovine parvovirus,II,,DNA,TRUE,FALSE,FALSE,FALSE,FALSE,TRUE,PMID: 4608633,FALSE,PubMedNeg,FALSE,PubMedNeg,FALSE,PubMedNeg,FALSE,PubMedNeg,FALSE,PubMedNeg,FALSE,PubMedNeg,FALSE,PubMedNeg,TRUE,PMID: 6790919 ,FALSE,PubMedNeg,FALSE,PubMedNeg,FALSE,PubMedNeg
Bos taurus,Cow,Picornaviridae,Aphthovirus,Bovine rhinovirus,IV,,RNA,TRUE,FALSE,FALSE,FALSE,FALSE,FALSE,PubMedNeg,FALSE,PubMedNeg,TRUE,PMID: 25789939,FALSE,PubMedNeg,FALSE,PubMedNeg,FALSE,PubMedNeg,FALSE,PubMedNeg,FALSE,PubMedNeg,FALSE,PubMedNeg,FALSE,PubMedNeg,FALSE,PubMedNeg,FALSE,PubMedNeg
Bos taurus,Cow,Flaviviridae,Pestivirus,Bovine viral diarrhea virus,IV,,RNA,TRUE,FALSE,FALSE,FALSE,TRUE,FALSE,PubMedNeg,FALSE,PubMedNeg,FALSE,PubMedNeg,FALSE,PubMedNeg,TRUE,PMID: 24656648,FALSE,PubMedNeg,FALSE,PubMedNeg,FALSE,PubMedNeg,TRUE,PMID: 12661878,FALSE,PubMedNeg,TRUE,PMID: 8393223,TRUE,PMID: 8393223
Bos taurus,Cow,Peribunyaviridae,Orthobunyavirus,Cache Valley virus,V,,RNA,TRUE,FALSE,FALSE,FALSE,TRUE,FALSE,PubMedNeg,TRUE,PMID: 29128744,FALSE,PubMedNeg,FALSE,PubMedNeg,FALSE,PubMedNeg,FALSE,PubMedNeg,FALSE,PubMedNeg,FALSE,PubMedNeg,TRUE,PMID: 29128744,FALSE,PubMedNeg,FALSE,PubMedNeg,FALSE,PubMedNeg
Bos taurus,Cow,Nairoviridae,Orthonairovirus,Crimean-Congo hemorrhagic fever orthonairovirus,V,,RNA,TRUE,FALSE,FALSE,FALSE,TRUE,FALSE,PubMedNeg,TRUE,PMID: 9379454,FALSE,PubMedNeg,FALSE,PubMedNeg,FALSE,PubMedNeg,FALSE,PubMedNeg,FALSE,PubMedNeg,FALSE,PubMedNeg,FALSE,PubMedNeg,FALSE,PubMedNeg,FALSE,PubMedNeg,FALSE,PubMedNeg
Bos taurus,Cow,Reoviridae,Orbivirus,Epizootic hemorrhagic disease viruses,III,,RNA,TRUE,FALSE,FALSE,FALSE,FALSE,FALSE,PubMedNeg,TRUE,PMID: 26459518,FALSE,PubMedNeg,FALSE,PubMedNeg,FALSE,PubMedNeg,FALSE,PubMedNeg,FALSE,PubMedNeg,FALSE,PubMedNeg,FALSE,PubMedNeg,FALSE,PubMedNeg,FALSE,PubMedNeg,FALSE,PubMedNeg
Bos taurus,Cow,Picornaviridae,Aphthovirus,Foot and mouth disease virus,IV,,RNA,TRUE,FALSE,FALSE,FALSE,FALSE,FALSE,PubMedNeg,FALSE,PubMedNeg,TRUE,PMID: 29245054,FALSE,PubMedNeg,FALSE,PubMedNeg,TRUE,PMID: 29245054,FALSE,PubMedNeg,FALSE,PubMedNeg,FALSE,PubMedNeg,FALSE,PubMedNeg,FALSE,PubMedNeg,TRUE,PMID: 29245054
Bos taurus,Cow,Flaviviridae,Flavivirus,Louping ill virus,IV,,RNA,TRUE,FALSE,FALSE,FALSE,TRUE,FALSE,PubMedNeg,TRUE,PMID: 24552787 ,FALSE,PubMedNeg,FALSE,PubMedNeg,FALSE,PubMedNeg,FALSE,PubMedNeg,FALSE,PubMedNeg,FALSE,PubMedNeg,FALSE,PubMedNeg,FALSE,PubMedNeg,FALSE,PubMedNeg,FALSE,PubMedNeg
Bos taurus,Cow,Poxviridae,Capripoxvirus,Lumpy skin disease virus,I,,DNA,FALSE,FALSE,FALSE,TRUE,TRUE,FALSE,PubMedNeg,TRUE,PMID: 21114790,FALSE,PubMedNeg,FALSE,PubMedNeg,FALSE,PubMedNeg,FALSE,PubMedNeg,FALSE,PubMedNeg,FALSE,PubMedNeg,FALSE,PubMedNeg,FALSE,PubMedNeg,FALSE,PubMedNeg,FALSE,PubMedNeg
Bos taurus,Cow,Flaviviridae,Flavivirus,Murray valley encephalitis virus,IV,,RNA,TRUE,FALSE,FALSE,FALSE,TRUE,FALSE,PubMedNeg,TRUE,PMID: 6131919,FALSE,PubMedNeg,FALSE,PubMedNeg,FALSE,PubMedNeg,FALSE,PubMedNeg,FALSE,PubMedNeg,FALSE,PubMedNeg,FALSE,PubMedNeg,FALSE,PubMedNeg,FALSE,PubMedNeg,FALSE,PubMedNeg
Bos taurus,Cow,Hepeviridae,Orthohepevirus,Orthohepevirus A,IV,,RNA,TRUE,FALSE,FALSE,FALSE,FALSE,TRUE,PMID: 21316404,FALSE,PubMedNeg,FALSE,PubMedNeg,FALSE,PubMedNeg,FALSE,PubMedNeg,FALSE,PubMedNeg,FALSE,PubMedNeg,FALSE,PubMedNeg,FALSE,PubMedNeg,FALSE,PubMedNeg,FALSE,PubMedNeg,FALSE,PubMedNeg
Bos taurus,Cow,Poxviridae,Parapoxvirus,Parapoxvirus,I,,DNA,FALSE,FALSE,FALSE,TRUE,TRUE,FALSE,PubMedNeg,FALSE,PubMedNeg,FALSE,PubMedNeg,FALSE,PubMedNeg,FALSE,PubMedNeg,FALSE,PubMedNeg,FALSE,PubMedNeg,FALSE,PubMedNeg,FALSE,PubMedNeg,FALSE,PubMedNeg,FALSE,PubMedNeg,TRUE,https://viralzone.expasy.org/150?outline=all_by_species
Bos taurus,Cow,Poxviridae,Parapoxvirus,Pseudocowpox,I,,DNA,FALSE,FALSE,FALSE,TRUE,TRUE,FALSE,PubMedNeg,FALSE,PubMedNeg,FALSE,PubMedNeg,FALSE,PubMedNeg,FALSE,PubMedNeg,FALSE,PubMedNeg,FALSE,PubMedNeg,FALSE,PubMedNeg,FALSE,PubMedNeg,FALSE,PubMedNeg,FALSE,PubMedNeg,TRUE,https://viralzone.expasy.org/150?outline=all_by_species
Bos taurus,Cow,Herpesviridae,Varicellovirus,Pseudorabies virus/Suid herpesvirus 1,I,,DNA,TRUE,FALSE,FALSE,FALSE,TRUE,FALSE,PubMedNeg,FALSE,PubMedNeg,TRUE,PMID: 6283959,FALSE,PubMedNeg,FALSE,PubMedNeg,FALSE,PubMedNeg,FALSE,PubMedNeg,FALSE,PubMedNeg,FALSE,PubMedNeg,FALSE,PubMedNeg,FALSE,PubMedNeg,FALSE,PubMedNeg
Bos taurus,Cow,Rhabdoviridae,Lyssavirus,Rabies virus,V,,RNA,FALSE,TRUE,FALSE,FALSE,TRUE,FALSE,PubMedNeg,FALSE,PubMedNeg,FALSE,PubMedNeg,FALSE,PubMedNeg,FALSE,PubMedNeg,FALSE,PubMedNeg,TRUE,PMID: 30607098,FALSE,PubMedNeg,FALSE,PubMedNeg,FALSE,PubMedNeg,FALSE,PubMedNeg,FALSE,PubMedNeg
Bos taurus,Cow,Phenuiviridae,Phlebovirus,Rift Valley fever phlebovirus,V,,RNA,TRUE,FALSE,FALSE,FALSE,TRUE,FALSE,PubMedNeg,TRUE,PMID: 26982443,FALSE,PubMedNeg,FALSE,PubMedNeg,FALSE,PubMedNeg,FALSE,PubMedNeg,FALSE,PubMedNeg,FALSE,PubMedNeg,FALSE,PubMedNeg,FALSE,PubMedNeg,FALSE,PubMedNeg,FALSE,PubMedNeg
Bos taurus,Cow,Paramyxoviridae,Morbillivirus,Rinderpest morbillivirus,V,,RNA,TRUE,FALSE,TRUE,TRUE,TRUE,FALSE,PubMedNeg,FALSE,PubMedNeg,TRUE,PMID: 9668477,FALSE,PubMedNeg,FALSE,PubMedNeg,FALSE,PubMedNeg,FALSE,PubMedNeg,FALSE,PubMedNeg,FALSE,PubMedNeg,FALSE,PubMedNeg,FALSE,PubMedNeg,TRUE,PMID: 9668477
Bos taurus,Cow,Orthomyxoviridae,Thogotovirus,Thogotovirus,V,,RNA,FALSE,FALSE,FALSE,TRUE,TRUE,FALSE,PubMedNeg,TRUE,https://emedicine.medscape.com/article/2500028-overview,FALSE,PubMedNeg,FALSE,PubMedNeg,FALSE,PubMedNeg,FALSE,PubMedNeg,FALSE,PubMedNeg,FALSE,PubMedNeg,FALSE,PubMedNeg,FALSE,PubMedNeg,FALSE,PubMedNeg,TRUE,PMID:27030270
Bos taurus,Cow,Flaviviridae,Flavivirus,Tickborne encephalitis virus,IV,,RNA,TRUE,FALSE,FALSE,FALSE,TRUE,FALSE,PubMedNeg,TRUE,PMID: 209613,FALSE,PubMedNeg,FALSE,PubMedNeg,FALSE,PubMedNeg,FALSE,PubMedNeg,FALSE,PubMedNeg,FALSE,PubMedNeg,FALSE,PubMedNeg,FALSE,PubMedNeg,FALSE,PubMedNeg,FALSE,PubMedNeg
Bos taurus,Cow,Rhabdoviridae,Vesiculovirus,Vesicular stomatitis virus,V,,RNA,FALSE,TRUE,FALSE,FALSE,TRUE,FALSE,PubMedNeg,TRUE,PMID: 16619618,FALSE,PubMedNeg,FALSE,PubMedNeg,FALSE,PubMedNeg,FALSE,PubMedNeg,FALSE,PubMedNeg,FALSE,PubMedNeg,FALSE,PubMedNeg,FALSE,PubMedNeg,FALSE,PubMedNeg,FALSE,PubMedNeg
Bos taurus,Cow,Flaviviridae,Flavivirus,Wesselsbron virus,IV,,RNA,TRUE,FALSE,FALSE,FALSE,TRUE,FALSE,PubMedNeg,TRUE,PMID: 1964039,FALSE,PubMedNeg,FALSE,PubMedNeg,FALSE,PubMedNeg,FALSE,PubMedNeg,FALSE,PubMedNeg,FALSE,PubMedNeg,FALSE,PubMedNeg,FALSE,PubMedNeg,FALSE,PubMedNeg,FALSE,PubMedNeg
Bos taurus,Cow,Papillomaviridae,Xipapillomavirus,Xipapillomavirus 1,I,,DNA,TRUE,FALSE,FALSE,FALSE,FALSE,FALSE,PubMedNeg,FALSE,PubMedNeg,FALSE,PubMedNeg,FALSE,PubMedNeg,FALSE,PubMedNeg,FALSE,PubMedNeg,FALSE,PubMedNeg,FALSE,PubMedNeg,FALSE,PubMedNeg,FALSE,PubMedNeg,FALSE,PubMedNeg,TRUE,PMID: 7773594
Canis lupus familiaris,Dog,Herpesviridae,Varicellovirus,Canid alphaherpesvirus 1,I,,DNA,TRUE,FALSE,FALSE,FALSE,TRUE,FALSE,PubMedNeg,FALSE,PubMedNeg,FALSE,PubMedNeg,FALSE,PubMedNeg,FALSE,PubMedNeg,FALSE,PubMedNeg,FALSE,PubMedNeg,FALSE,PubMedNeg,FALSE,PubMedNeg,FALSE,PubMedNeg,FALSE,PubMedNeg,TRUE,https://web.archive.org/web/20060818090931/http://www.ivis.org/advances/Infect_Dis_Carmichael/carmichael/chapter_frm.asp?LA=1
Canis lupus familiaris,Dog,Adenoviridae,Mastadenovirus,Canine adenovirus 2,I,,DNA,TRUE,FALSE,FALSE,FALSE,FALSE,FALSE,PubMedNeg,FALSE,PubMedNeg,TRUE,https://en.wikivet.net/Canine_Adenovirus_2,FALSE,PubMedNeg,FALSE,PubMedNeg,FALSE,PubMedNeg,FALSE,PubMedNeg,FALSE,PubMedNeg,FALSE,PubMedNeg,FALSE,PubMedNeg,FALSE,PubMedNeg,FALSE,PubMedNeg
Canis lupus familiaris,Dog,Paramyxoviridae,Morbillivirus,Canine distemper virus,V,,RNA,TRUE,FALSE,TRUE,TRUE,TRUE,FALSE,PubMedNeg,FALSE,PubMedNeg,TRUE,"Fenner, Frank J.; Gibbs, E. Paul J.; Murphy, Frederick A.; Rott, Rudolph; Studdert, Michael J.; White, David O. (1993). Veterinary Virology (2nd ed.). Academic Press, Inc. ISBN 978-0-12-253056-2",FALSE,PubMedNeg,FALSE,PubMedNeg,FALSE,PubMedNeg,FALSE,PubMedNeg,FALSE,PubMedNeg,TRUE,PMID: 560815,FALSE,PubMedNeg,FALSE,PubMedNeg,TRUE,"Fenner, Frank J.; Gibbs, E. Paul J.; Murphy, Frederick A.; Rott, Rudolph; Studdert, Michael J.; White, David O. (1993). Veterinary Virology (2nd ed.). Academic Press, Inc. ISBN 978-0-12-253056-2"
Canis lupus familiaris,Dog,Coronaviridae,Alphacoronavirus,Canine enteric coronavirus,IV,,RNA,TRUE,FALSE,FALSE,FALSE,TRUE,TRUE,https://www.merck-animal-health-usa.com/dp/4,FALSE,PubMedNeg,FALSE,PubMedNeg,FALSE,PubMedNeg,FALSE,PubMedNeg,FALSE,PubMedNeg,FALSE,PubMedNeg,FALSE,PubMedNeg,FALSE,PubMedNeg,FALSE,PubMedNeg,FALSE,PubMedNeg,FALSE,PubMedNeg
Canis lupus familiaris,Dog,Adenoviridae,Mastadenovirus,Canine mastadenovirus A,I,,DNA,TRUE,FALSE,FALSE,FALSE,FALSE,TRUE,https://www.merck-animal-health-usa.com/dp/3,FALSE,PubMedNeg,FALSE,PubMedNeg,FALSE,PubMedNeg,FALSE,PubMedNeg,FALSE,PubMedNeg,FALSE,PubMedNeg,FALSE,PubMedNeg,FALSE,PubMedNeg,FALSE,PubMedNeg,FALSE,PubMedNeg,FALSE,PubMedNeg
Canis lupus familiaris,Dog,Parvoviridae,Bocaparvovirus,Canine minute virus/canine parvovirus 2,II,,DNA,TRUE,FALSE,FALSE,FALSE,FALSE,TRUE,https://www.merckvetmanual.com/digestive-system/diseases-of-the-stomach-and-intestines-in-small-animals/canine-parvovirus,FALSE,PubMedNeg,FALSE,PubMedNeg,FALSE,PubMedNeg,FALSE,PubMedNeg,FALSE,PubMedNeg,FALSE,PubMedNeg,FALSE,PubMedNeg,FALSE,PubMedNeg,FALSE,PubMedNeg,FALSE,PubMedNeg,FALSE,PubMedNeg
Canis lupus familiaris,Dog,Papillomaviridae,Lambdapapillomavirus,Canine papillomavirus,I,,DNA,TRUE,FALSE,FALSE,FALSE,FALSE,FALSE,PubMedNeg,FALSE,PubMedNeg,FALSE,PubMedNeg,FALSE,PubMedNeg,FALSE,PubMedNeg,FALSE,PubMedNeg,FALSE,PubMedNeg,FALSE,PubMedNeg,FALSE,PubMedNeg,FALSE,PubMedNeg,FALSE,PubMedNeg,TRUE,https://www.marvistavet.com/viral-papillomas-canine.pml
Canis lupus familiaris,Dog,Parvoviridae,Protoparvovirus,Canine parvovirus 2,II,,DNA,TRUE,FALSE,FALSE,FALSE,FALSE,TRUE,https://www.merckvetmanual.com/digestive-system/diseases-of-the-stomach-and-intestines-in-small-animals/canine-parvovirus,TRUE,PMID: 24679715,FALSE,PubMedNeg,FALSE,PubMedNeg,FALSE,PubMedNeg,FALSE,PubMedNeg,FALSE,PubMedNeg,FALSE,PubMedNeg,FALSE,PubMedNeg,FALSE,PubMedNeg,FALSE,PubMedNeg,FALSE,PubMedNeg
Canis lupus familiaris,Dog,Coronaviridae,Alphacoronavirus,Canine respiratory coronavirus,IV,,RNA,TRUE,FALSE,FALSE,FALSE,TRUE,FALSE,PubMedNeg,FALSE,PubMedNeg,TRUE,PMID:18501280,FALSE,PubMedNeg,FALSE,PubMedNeg,FALSE,PubMedNeg,FALSE,PubMedNeg,FALSE,PubMedNeg,FALSE,PubMedNeg,FALSE,PubMedNeg,FALSE,PubMedNeg,TRUE,PMID:18501280
Canis lupus familiaris,Dog,Nairoviridae,Orthonairovirus,Crimean-Congo hemorrhagic fever orthonairovirus,V,,RNA,TRUE,FALSE,FALSE,FALSE,TRUE,FALSE,PubMedNeg,TRUE,PMID: 3101526,FALSE,PubMedNeg,FALSE,PubMedNeg,FALSE,PubMedNeg,FALSE,PubMedNeg,FALSE,PubMedNeg,FALSE,PubMedNeg,FALSE,PubMedNeg,FALSE,PubMedNeg,FALSE,PubMedNeg,FALSE,PubMedNeg
Canis lupus familiaris,Dog,Orthomyxoviridae,Alphainfluenzavirus,Influenza A virus,V,,RNA,FALSE,FALSE,FALSE,TRUE,TRUE,FALSE,PubMedNeg,FALSE,PubMedNeg,TRUE,PMID:28858604 ,FALSE,PubMedNeg,FALSE,PubMedNeg,FALSE,PubMedNeg,FALSE,PubMedNeg,FALSE,PubMedNeg,FALSE,PubMedNeg,FALSE,PubMedNeg,FALSE,PubMedNeg,FALSE,PubMedNeg
Canis lupus familiaris,Dog,Arenaviridae,Mammarenavirus,Lymphocytic choriomeningitis mammarenavirus,V,,RNA,TRUE,FALSE,TRUE,TRUE,TRUE,FALSE,PubMedNeg,FALSE,PubMedNeg,TRUE,http://www.cfsph.iastate.edu/FastFacts/pdfs/lymphocytic_choriomeningitis_F.pdf,FALSE,PubMedNeg,FALSE,PubMedNeg,FALSE,PubMedNeg,FALSE,PubMedNeg,FALSE,PubMedNeg,FALSE,PubMedNeg,FALSE,PubMedNeg,FALSE,PubMedNeg,TRUE,http://www.cfsph.iastate.edu/FastFacts/pdfs/lymphocytic_choriomeningitis_F.pdf
Canis lupus familiaris,Dog,Herpesviridae,Varicellovirus,Pseudorabies virus/Suid Herpesvirus 1,I,,DNA,TRUE,FALSE,FALSE,FALSE,TRUE,TRUE,https://www.merckvetmanual.com/nervous-system/pseudorabies/overview-of-pseudorabies?query=canine%20pseudorabies,FALSE,PubMedNeg,TRUE,Merck Veterinary Manual,FALSE,PubMedNeg,FALSE,PubMedNeg,FALSE,PubMedNeg,FALSE,PubMedNeg,FALSE,PubMedNeg,FALSE,PubMedNeg,FALSE,PubMedNeg,FALSE,PubMedNeg,TRUE,Merck Veterinary Manual
Canis lupus familiaris,Dog,Rhabdoviridae,Lyssavirus,Rabies virus,IV,,RNA,FALSE,TRUE,FALSE,FALSE,TRUE,FALSE,PubMedNeg,FALSE,PubMedNeg,FALSE,PubMedNeg,FALSE,PubMedNeg,FALSE,PubMedNeg,FALSE,PubMedNeg,TRUE,PMID: 29430859,FALSE,PubMedNeg,FALSE,PubMedNeg,FALSE,PubMedNeg,FALSE,PubMedNeg,FALSE,PubMedNeg
Canis lupus familiaris,Dog,Phenuiviridae,Phlebovirus,Rift Valley fever phlebovirus,V,,RNA,TRUE,FALSE,FALSE,FALSE,TRUE,FALSE,PubMedNeg,TRUE,PMID: 44038,FALSE,PubMedNeg,FALSE,PubMedNeg,FALSE,PubMedNeg,FALSE,PubMedNeg,FALSE,PubMedNeg,FALSE,PubMedNeg,FALSE,PubMedNeg,FALSE,PubMedNeg,FALSE,PubMedNeg,FALSE,PubMedNeg
Canis lupus familiaris,Dog,Flaviviridae,Flavivirus,Tickborne encephalitis virus,IV,,RNA,TRUE,FALSE,FALSE,FALSE,TRUE,FALSE,PubMedNeg,TRUE,PMID: 29322674,FALSE,PubMedNeg,FALSE,PubMedNeg,FALSE,PubMedNeg,FALSE,PubMedNeg,FALSE,PubMedNeg,FALSE,PubMedNeg,FALSE,PubMedNeg,FALSE,PubMedNeg,FALSE,PubMedNeg,FALSE,PubMedNeg
Equus ferus caballus,Horse,Reoviridae,Orbivirus,African horse sickness virus,III,,RNA,TRUE,FALSE,FALSE,FALSE,FALSE,FALSE,PubMedNeg,TRUE,PMID: 28141961,FALSE,PubMedNeg,FALSE,PubMedNeg,FALSE,PubMedNeg,FALSE,PubMedNeg,FALSE,PubMedNeg,FALSE,PubMedNeg,FALSE,PubMedNeg,FALSE,PubMedNeg,FALSE,PubMedNeg,FALSE,PubMedNeg
Equus ferus caballus,Horse,Arteriviridae,Alphaarterivirus,Alphaarterivirus equid,IV,,RNA,TRUE,FALSE,FALSE,FALSE,TRUE,FALSE,PubMedNeg,FALSE,PubMedNeg,TRUE,https://www.merckvetmanual.com/generalized-conditions/equine-viral-arteritis/overview-of-equine-viral-arteritis?query=equine%20arterivirus,FALSE,PubMedNeg,TRUE,https://www.merckvetmanual.com/generalized-conditions/equine-viral-arteritis/overview-of-equine-viral-arteritis?query=equine%20viral%20arteritis,FALSE,PubMedNeg,FALSE,PubMedNeg,FALSE,PubMedNeg,TRUE,https://www.merckvetmanual.com/generalized-conditions/equine-viral-arteritis/overview-of-equine-viral-arteritis?query=equine%20arterivirus,FALSE,PubMedNeg,FALSE,PubMedNeg,FALSE,PubMedNeg
Equus ferus caballus,Horse,Reoviridae,Orbivirus,Bluetongue virus,III,,RNA,TRUE,FALSE,FALSE,FALSE,FALSE,FALSE,PubMedNeg,TRUE,PMID: 28141961,FALSE,PubMedNeg,FALSE,PubMedNeg,FALSE,PubMedNeg,FALSE,PubMedNeg,FALSE,PubMedNeg,FALSE,PubMedNeg,FALSE,PubMedNeg,FALSE,PubMedNeg,FALSE,PubMedNeg,FALSE,PubMedNeg
Equus ferus caballus,Horse,Orthomyxoviridae,Thogotovirus,Dhori,V,,RNA,FALSE,FALSE,FALSE,TRUE,TRUE,FALSE,PubMedNeg,TRUE,"Fenner, Frank J.; Gibbs, E. Paul J.; Murphy, Frederick A.; Rott, Rudolph; Studdert, Michael J.; White, David O. (1993). Veterinary Virology (2nd ed.). Academic Press, Inc. ISBN 978-0-12-253056-2",FALSE,PubMedNeg,FALSE,PubMedNeg,FALSE,PubMedNeg,FALSE,PubMedNeg,FALSE,PubMedNeg,FALSE,PubMedNeg,FALSE,PubMedNeg,FALSE,PubMedNeg,FALSE,PubMedNeg,FALSE,PubMedNeg
Equus ferus caballus,Horse,Togaviridae,Alphavirus,Eastern equine encephalitis virus,IV,,RNA,TRUE,FALSE,FALSE,FALSE,TRUE,FALSE,PubMedNeg,TRUE,PMID: 29941031 ,FALSE,PubMedNeg,FALSE,PubMedNeg,FALSE,PubMedNeg,FALSE,PubMedNeg,FALSE,PubMedNeg,FALSE,PubMedNeg,FALSE,PubMedNeg,FALSE,PubMedNeg,FALSE,PubMedNeg,FALSE,PubMedNeg
Equus ferus caballus,Horse,Herpesviridae,Varicellovirus,Equine herpesvirus 1,I,,DNA,TRUE,FALSE,FALSE,FALSE,TRUE,FALSE,PubMedNeg,FALSE,PubMedNeg,TRUE,"Fenner, Frank J.; Gibbs, E. Paul J.; Murphy, Frederick A.; Rott, Rudolph; Studdert, Michael J.; White, David O. (1993). Veterinary Virology (2nd ed.). Academic Press, Inc. ISBN 978-0-12-253056-2",FALSE,PubMedNeg,FALSE,PubMedNeg,FALSE,PubMedNeg,FALSE,PubMedNeg,FALSE,PubMedNeg,FALSE,PubMedNeg,FALSE,PubMedNeg,FALSE,PubMedNeg,TRUE,Merck Veterinary Manual
Equus ferus caballus,Horse,Herpesviridae,Varicellovirus,Equine herpesvirus 3,I,,DNA,TRUE,FALSE,FALSE,FALSE,TRUE,FALSE,PubMedNeg,FALSE,PubMedNeg,FALSE,PubMedNeg,FALSE,PubMedNeg,TRUE,"Carter, G.R.; Flores, E.F.; Wise, D.J. (2006).ÿ""Herpesviridae"".ÿA Concise Review of Veterinary Virology.",FALSE,PubMedNeg,FALSE,PubMedNeg,FALSE,PubMedNeg,FALSE,PubMedNeg,FALSE,PubMedNeg,FALSE,PubMedNeg,TRUE,Merck Veterinary Manual
Equus ferus caballus,Horse,Herpesviridae,Varicellovirus,Equine herpesvirus 4,I,,DNA,TRUE,FALSE,FALSE,FALSE,TRUE,FALSE,PubMedNeg,FALSE,PubMedNeg,TRUE,https://www.merckvetmanual.com/respiratory-system/respiratory-diseases-of-horses/equine-herpesvirus-infection?query=equine%20herpesvirus%204,FALSE,PubMedNeg,FALSE,PubMedNeg,FALSE,PubMedNeg,FALSE,PubMedNeg,FALSE,PubMedNeg,FALSE,PubMedNeg,FALSE,PubMedNeg,FALSE,PubMedNeg,FALSE,PubMedNeg
Equus ferus caballus,Horse,Retroviridae,Lentivirus,Equine infectious anemia virus,VI,,RNA,TRUE,FALSE,FALSE,FALSE,TRUE,FALSE,PubMedNeg,TRUE,"Fenner, Frank J.; Gibbs, E. Paul J.; Murphy, Frederick A.; Rott, Rudolph; Studdert, Michael J.; White, David O. (1993). Veterinary Virology (2nd ed.). Academic Press, Inc. ISBN 978-0-12-253056-2",FALSE,PubMedNeg,FALSE,PubMedNeg,FALSE,PubMedNeg,FALSE,PubMedNeg,FALSE,PubMedNeg,FALSE,PubMedNeg,FALSE,PubMedNeg,FALSE,PubMedNeg,TRUE,Merck Veterinary Manual,FALSE,PubMedNeg
Equus ferus caballus,Horse,Adenoviridae,Mastadenovirus,Equine mastadenovirus A,I,,DNA,TRUE,FALSE,FALSE,FALSE,FALSE,FALSE,PubMedNeg,FALSE,PubMedNeg,TRUE,https://en.wikivet.net/Equine_Adenovirus,FALSE,PubMedNeg,FALSE,PubMedNeg,FALSE,PubMedNeg,FALSE,PubMedNeg,FALSE,PubMedNeg,FALSE,PubMedNeg,FALSE,PubMedNeg,FALSE,PubMedNeg,TRUE,https://en.wikivet.net/Equine_Adenovirus
Equus ferus caballus,Horse,Adenoviridae,Mastadenovirus,Equine mastadenovirus B,I,,DNA,TRUE,FALSE,FALSE,FALSE,FALSE,TRUE,https://en.wikivet.net/Equine_Adenovirus,FALSE,PubMedNeg,FALSE,PubMedNeg,FALSE,PubMedNeg,FALSE,PubMedNeg,FALSE,PubMedNeg,FALSE,PubMedNeg,FALSE,PubMedNeg,FALSE,PubMedNeg,FALSE,PubMedNeg,FALSE,PubMedNeg,FALSE,PubMedNeg
Equus ferus caballus,Horse,Picornaviridae,Aphthovirus,"Equine rhinovirus 1,2",IV,,RNA,TRUE,FALSE,FALSE,FALSE,FALSE,FALSE,PubMedNeg,FALSE,PubMedNeg,TRUE,PMID: 30918893,FALSE,PubMedNeg,FALSE,PubMedNeg,FALSE,PubMedNeg,FALSE,PubMedNeg,FALSE,PubMedNeg,FALSE,PubMedNeg,FALSE,PubMedNeg,FALSE,PubMedNeg,FALSE,PubMedNeg
Equus ferus caballus,Horse,Paramyxoviridae,Henipavirus,Hendra virus,V,,RNA,TRUE,FALSE,TRUE,TRUE,TRUE,FALSE,PubMedNeg,FALSE,PubMedNeg,FALSE,PubMedNeg,FALSE,PubMedNeg,FALSE,PubMedNeg,TRUE,PMID: 11061954,FALSE,PubMedNeg,FALSE,PubMedNeg,FALSE,PubMedNeg,FALSE,PubMedNeg,FALSE,PubMedNeg,TRUE,PMID: 11061954
Equus ferus caballus,Horse,Poxviridae,Orthopoxvirus,Horsepox,I,,DNA,FALSE,FALSE,FALSE,TRUE,TRUE,FALSE,PubMedNeg,FALSE,PubMedNeg,FALSE,PubMedNeg,FALSE,PubMedNeg,FALSE,PubMedNeg,FALSE,PubMedNeg,FALSE,PubMedNeg,FALSE,PubMedNeg,FALSE,PubMedNeg,FALSE,PubMedNeg,FALSE,PubMedNeg,TRUE,PMID:29351298
Equus ferus caballus,Horse,Orthomyxoviridae,Alphainfluenzavirus,Influenza A virus,V,,RNA,FALSE,FALSE,FALSE,TRUE,TRUE,FALSE,PubMedNeg,FALSE,PubMedNeg,TRUE,PMID: 11770982,TRUE,Merck Veterinary Manual,FALSE,PubMedNeg,FALSE,PubMedNeg,FALSE,PubMedNeg,FALSE,PubMedNeg,FALSE,PubMedNeg,FALSE,PubMedNeg,FALSE,PubMedNeg,TRUE,PMID:25282321
Equus ferus caballus,Horse,Flaviviridae,Flavivirus,Louping ill virus,IV,,RNA,TRUE,FALSE,FALSE,FALSE,TRUE,FALSE,PubMedNeg,TRUE,PMID: 24552787,FALSE,PubMedNeg,FALSE,PubMedNeg,FALSE,PubMedNeg,FALSE,PubMedNeg,FALSE,PubMedNeg,FALSE,PubMedNeg,FALSE,PubMedNeg,FALSE,PubMedNeg,FALSE,PubMedNeg,FALSE,PubMedNeg
Equus ferus caballus,Horse,Flaviviridae,Flavivirus,Murray valley encephalitis virus,IV,,RNA,TRUE,FALSE,FALSE,FALSE,TRUE,FALSE,PubMedNeg,TRUE,PMID: 3038067,FALSE,PubMedNeg,FALSE,PubMedNeg,FALSE,PubMedNeg,FALSE,PubMedNeg,FALSE,PubMedNeg,FALSE,PubMedNeg,FALSE,PubMedNeg,FALSE,PubMedNeg,FALSE,PubMedNeg,FALSE,PubMedNeg
Equus ferus caballus,Horse,Paramyxoviridae,Henipavirus,Nipah virus,V,,RNA,TRUE,FALSE,TRUE,TRUE,TRUE,FALSE,PubMedNeg,FALSE,PubMedNeg,FALSE,PubMedNeg,FALSE,PubMedNeg,FALSE,PubMedNeg,TRUE,Merck Veterinary Manual,FALSE,PubMedNeg,FALSE,PubMedNeg,FALSE,PubMedNeg,FALSE,PubMedNeg,FALSE,PubMedNeg,TRUE,PMID:29035743
Equus ferus caballus,Horse,Reoviridae,Orbivirus,Peruvian horse sickness virus,III,,RNA,TRUE,FALSE,FALSE,FALSE,FALSE,FALSE,PubMedNeg,TRUE,PMID: 24751197,FALSE,PubMedNeg,FALSE,PubMedNeg,FALSE,PubMedNeg,FALSE,PubMedNeg,FALSE,PubMedNeg,FALSE,PubMedNeg,FALSE,PubMedNeg,FALSE,PubMedNeg,FALSE,PubMedNeg,FALSE,PubMedNeg
Equus ferus caballus,Horse,Rhabdoviridae,Lyssavirus,Rabies virus,V,,RNA,FALSE,TRUE,FALSE,FALSE,TRUE,FALSE,PubMedNeg,FALSE,PubMedNeg,FALSE,PubMedNeg,FALSE,PubMedNeg,FALSE,PubMedNeg,FALSE,PubMedNeg,TRUE,PMID: 15991708,FALSE,PubMedNeg,FALSE,PubMedNeg,FALSE,PubMedNeg,FALSE,PubMedNeg,FALSE,PubMedNeg
Equus ferus caballus,Horse,Reoviridae,Rotavirus,Rotavirus,III,,RNA,TRUE,FALSE,FALSE,FALSE,FALSE,TRUE,"Fenner, Frank J.; Gibbs, E. Paul J.; Murphy, Frederick A.; Rott, Rudolph; Studdert, Michael J.; White, David O. (1993). Veterinary Virology (2nd ed.). Academic Press, Inc. ISBN 978-0-12-253056-2",FALSE,PubMedNeg,FALSE,PubMedNeg,FALSE,PubMedNeg,FALSE,PubMedNeg,FALSE,PubMedNeg,FALSE,PubMedNeg,FALSE,PubMedNeg,FALSE,PubMedNeg,FALSE,PubMedNeg,FALSE,PubMedNeg,FALSE,PubMedNeg
Equus ferus caballus,Horse,Flaviviridae,Flavivirus,St. Louis encephalitis virus,IV,,RNA,TRUE,FALSE,FALSE,FALSE,TRUE,FALSE,PubMedNeg,TRUE,PMID:25229279,FALSE,PubMedNeg,FALSE,PubMedNeg,FALSE,PubMedNeg,FALSE,PubMedNeg,FALSE,PubMedNeg,FALSE,PubMedNeg,FALSE,PubMedNeg,FALSE,PubMedNeg,FALSE,PubMedNeg,FALSE,PubMedNeg
Equus ferus caballus,Horse,Orthomyxoviridae,Thogotovirus,Thogotovirus,V,,RNA,FALSE,FALSE,FALSE,TRUE,TRUE,FALSE,PubMedNeg,TRUE,"Fenner, Frank J.; Gibbs, E. Paul J.; Murphy, Frederick A.; Rott, Rudolph; Studdert, Michael J.; White, David O. (1993). Veterinary Virology (2nd ed.). Academic Press, Inc. ISBN 978-0-12-253056-2",FALSE,PubMedNeg,FALSE,PubMedNeg,FALSE,PubMedNeg,FALSE,PubMedNeg,FALSE,PubMedNeg,FALSE,PubMedNeg,FALSE,PubMedNeg,FALSE,PubMedNeg,FALSE,PubMedNeg,FALSE,PubMedNeg
Equus ferus caballus,Horse,Togaviridae,Alphavirus,Venezuelan equine encephalitis virus,IV,,RNA,TRUE,FALSE,FALSE,FALSE,TRUE,FALSE,PubMedNeg,TRUE,PMID: 4037184,FALSE,PubMedNeg,FALSE,PubMedNeg,FALSE,PubMedNeg,FALSE,PubMedNeg,FALSE,PubMedNeg,FALSE,PubMedNeg,FALSE,PubMedNeg,FALSE,PubMedNeg,FALSE,PubMedNeg,FALSE,PubMedNeg
Equus ferus caballus,Horse,Rhabdoviridae,Vesiculovirus,Vesicular stomatitis virus,V,,RNA,FALSE,TRUE,FALSE,FALSE,TRUE,FALSE,PubMedNeg,TRUE,PMID: 1668681,TRUE,PMID: 3028192,FALSE,PubMedNeg,FALSE,PubMedNeg,FALSE,PubMedNeg,FALSE,PubMedNeg,FALSE,PubMedNeg,FALSE,PubMedNeg,FALSE,PubMedNeg,FALSE,PubMedNeg,FALSE,PMID: 3028192
Equus ferus caballus,Horse,Flaviviridae,Flavivirus,West Nile virus,IV,,RNA,TRUE,FALSE,FALSE,FALSE,TRUE,FALSE,PubMedNeg,TRUE,PMID: 15682518,FALSE,PubMedNeg,FALSE,PubMedNeg,FALSE,PubMedNeg,FALSE,PubMedNeg,FALSE,PubMedNeg,FALSE,PubMedNeg,FALSE,PubMedNeg,FALSE,PubMedNeg,FALSE,PubMedNeg,FALSE,PubMedNeg
Equus ferus caballus,Horse,Togaviridae,Alphavirus,Western equine encephalitis virus,IV,,RNA,TRUE,FALSE,FALSE,FALSE,TRUE,FALSE,PubMedNeg,TRUE,PMID: 2863991,FALSE,PubMedNeg,FALSE,PubMedNeg,FALSE,PubMedNeg,FALSE,PubMedNeg,FALSE,PubMedNeg,FALSE,PubMedNeg,FALSE,PubMedNeg,FALSE,PubMedNeg,FALSE,PubMedNeg,FALSE,PubMedNeg
Homo sapiens,Human,Flaviviridae,Flavivirus,Alkhurma virus,IV,C,RNA,TRUE,FALSE,FALSE,FALSE,TRUE,FALSE,PubMedNeg,TRUE,PMID: 24907187,FALSE,PubMedNeg,FALSE,PubMedNeg,FALSE,PubMedNeg,TRUE,PMID:28456648 ,FALSE,PubMedNeg,FALSE,PubMedNeg,FALSE,PubMedNeg,FALSE,PubMedNeg,TRUE,PMID: 21122217,TRUE,PMID: 20920527
Homo sapiens,Human,Arenaviridae,Mammarenavirus,Argentinian mammarenavirus,V,A,RNA,TRUE,FALSE,TRUE,TRUE,TRUE,FALSE,PubMedNeg,FALSE,PubMedNeg,TRUE,https://www.msdsonline.com/resources/sds-resources/free-safety-data-sheet-index/junin-virus/,FALSE,https://www.msdsonline.com/resources/sds-resources/free-safety-data-sheet-index/junin-virus/,FALSE,PubMedNeg,FALSE,https://www.msdsonline.com/resources/sds-resources/free-safety-data-sheet-index/junin-virus/,FALSE,PubMedNeg,FALSE,PubMedNeg,FALSE,PubMedNeg,FALSE,PubMedNeg,FALSE,https://www.msdsonline.com/resources/sds-resources/free-safety-data-sheet-index/junin-virus/,TRUE,https://www.msdsonline.com/resources/sds-resources/free-safety-data-sheet-index/junin-virus/
Homo sapiens,Human,Rhabdoviridae,Lyssavirus,Australian bat lyssavirus,V,additional emerging virus,RNA,FALSE,TRUE,FALSE,FALSE,TRUE,FALSE,PubMedNeg,FALSE,PubMedNeg,TRUE,PMID: 16687600,FALSE,PubMedNeg,FALSE,PubMedNeg,FALSE,PubMedNeg,TRUE,PMID: 10914106,FALSE,PubMedNeg,FALSE,PubMedNeg,FALSE,PubMedNeg,FALSE,PubMedNeg,FALSE,PubMedNeg
Homo sapiens,Human,Parvoviridae,Erythroparvovirus,B19,II,,DNA,TRUE,FALSE,FALSE,FALSE,FALSE,FALSE,PubMedNeg,FALSE,PubMedNeg,TRUE,PMID: 29333409,FALSE,PubMedNeg,FALSE,PubMedNeg,FALSE,PubMedNeg,FALSE,PubMedNeg,FALSE,PubMedNeg,TRUE,PMID: 22777688,FALSE,PubMedNeg,TRUE,PMID: 26778837,FALSE,PubMedNeg
Homo sapiens,Human,Parvoviridae,Bocaparvovirus,Bocavirus,II,,DNA,TRUE,FALSE,FALSE,FALSE,FALSE,TRUE,PMID: 27818586,FALSE,PubMedNeg,TRUE,PMID: 16118271,FALSE,PubMedNeg,FALSE,PubMedNeg,FALSE,PubMedNeg,FALSE,PubMedNeg,FALSE,PubMedNeg,FALSE,PubMedNeg,FALSE,PubMedNeg,FALSE,PubMedNeg,FALSE,PubMedNeg
Homo sapiens,Human,Peribunyaviridae,Orthobunyavirus,Cache Valley virus,V,,RNA,TRUE,FALSE,FALSE,FALSE,TRUE,FALSE,PubMedNeg,TRUE,PMID: 9701947,FALSE,PubMedNeg,FALSE,PubMedNeg,FALSE,PubMedNeg,FALSE,PubMedNeg,FALSE,PubMedNeg,FALSE,PubMedNeg,FALSE,PubMedNeg,FALSE,PubMedNeg,FALSE,PubMedNeg,FALSE,PubMedNeg
Homo sapiens,Human,Peribunyaviridae,Orthobunyavirus,California encephalitis orthobunyavirus,V,B,RNA,TRUE,FALSE,FALSE,FALSE,TRUE,FALSE,PubMedNeg,TRUE,PMID: 28726628,FALSE,PubMedNeg,FALSE,PubMedNeg,FALSE,PubMedNeg,FALSE,PubMedNeg,FALSE,PubMedNeg,FALSE,PubMedNeg,FALSE,PubMedNeg,FALSE,PubMedNeg,FALSE,PubMedNeg,FALSE,PubMedNeg
Homo sapiens,Human,Arenaviridae,Mammarenavirus,Chapare mammarenavirus,V,A,RNA,TRUE,FALSE,TRUE,TRUE,TRUE,FALSE,PubMedNeg,FALSE,PubMedNeg,TRUE,PMID: 18417570,FALSE,PubMedNeg,FALSE,PubMedNeg,FALSE,PubMedNeg,FALSE,PubMedNeg,FALSE,PubMedNeg,FALSE,PubMedNeg,FALSE,PubMedNeg,FALSE,PubMedNeg,FALSE,PubMedNeg
Homo sapiens,Human,Togaviridae,Alphavirus,Chikungunya virus,IV,B,RNA,TRUE,FALSE,FALSE,FALSE,TRUE,FALSE,PubMedNeg,TRUE,PMID: 29194359,FALSE,PubMedNeg,FALSE,PubMedNeg,FALSE,PubMedNeg,FALSE,PubMedNeg,FALSE,PubMedNeg,FALSE,PubMedNeg,TRUE,PMID: 29897898,FALSE,PUbMedNeg,FALSE,PubMedNeg,FALSE,PubMedNeg
Homo sapiens,Human,Reoviridae,Coltivirus,Colorado tick fever virus,III,,RNA,TRUE,FALSE,FALSE,FALSE,FALSE,FALSE,PubMedNeg,TRUE,PMID: 15415593,FALSE,PubMedNeg,FALSE,PubMedNeg,FALSE,PubMedNeg,FALSE,PubMedNeg,FALSE,PubMedNeg,FALSE,PubMedNeg,FALSE,PubMedNeg,FALSE,PubMedNeg,TRUE,PMID: 15497129,FALSE,PubMedNeg
Homo sapiens,Human,Poxviridae,Orthopoxvirus,Cowpox,I,,DNA,FALSE,FALSE,FALSE,TRUE,TRUE,FALSE,PubMedNeg,FALSE,PubMedNeg,FALSE,PubMedNeg,FALSE,PubMedNeg,FALSE,PubMedNeg,FALSE,PubMedNeg,TRUE,PMID:1672197 ,FALSE,PubMedNeg,FALSE,PubMedNeg,FALSE,PubMedNeg,FALSE,PubMedNeg,TRUE,PMID: 29852532
Homo sapiens,Human,Nairoviridae,Orthonairovirus,Crimean-Congo hemorrhagic fever orthonairovirus,V,A,RNA,TRUE,FALSE,FALSE,FALSE,TRUE,FALSE,PubMedNeg,TRUE,PMID: 24907187,FALSE,PubMedNeg,FALSE,PubMedNeg,FALSE,PubMedNeg,FALSE,PubMedNeg,FALSE,PubMedNeg,FALSE,PMID: 17934982,FALSE,PubMedNeg,FALSE,PubMedNeg,FALSE,PubMedNeg,TRUE,PMID: 31022170
Homo sapiens,Human,Flaviviridae,Flavivirus,Dengue virus,IV,A,RNA,TRUE,FALSE,FALSE,FALSE,TRUE,FALSE,PubMedNeg,TRUE,PMID: 30444971,FALSE,PubMedNeg,FALSE,PubMedNeg,FALSE,PubMedNeg,FALSE,PubMedNeg,FALSE,PubMedNeg,FALSE,PubMedNeg,FALSE,PubMedNeg,FALSE,PubMedNeg,TRUE,PMID: 25728040,FALSE,PubMedNeg
Homo sapiens,Human,Orthomyxoviridae,Thogotovirus,Dhori,V,,RNA,FALSE,FALSE,FALSE,TRUE,TRUE,FALSE,PubMedNeg,TRUE,"Fenner, Frank J.; Gibbs, E. Paul J.; Murphy, Frederick A.; Rott, Rudolph; Studdert, Michael J.; White, David O. (1993). Veterinary Virology (2nd ed.). Academic Press, Inc. ISBN 978-0-12-253056-2",FALSE,PubMedNeg,FALSE,PubMedNeg,FALSE,PubMedNeg,FALSE,PubMedNeg,FALSE,PubMedNeg,FALSE,PubMedNeg,FALSE,PubMedNeg,FALSE,PubMedNeg,FALSE,PubMedNeg,FALSE,PubMedNeg
Homo sapiens,Human,Togaviridae,Alphavirus,Eastern equine encephalitis virus,IV,B,RNA,TRUE,FALSE,FALSE,FALSE,TRUE,FALSE,PubMedNeg,TRUE,PMID: 27577939,FALSE,PubMedNeg,FALSE,PubMedNeg,FALSE,PubMedNeg,FALSE,PubMedNeg,FALSE,PubMedNeg,FALSE,PubMedNeg,FALSE,PubMedNeg,FALSE,PubMedNeg,FALSE,PubMedNeg,FALSE,PubMedNeg
Homo sapiens,Human,Filoviridae,Ebolavirus,Ebola,V,A,RNA,FALSE,FALSE,TRUE,FALSE,TRUE,FALSE,PubMedNeg,FALSE,PubMedNeg,FALSE,PubMedNeg,FALSE,PubMedNeg,TRUE,PMID:30513823,FALSE,PubMedNeg,FALSE,PubMedNeg,FALSE,PMID:27940938,FALSE,PubMedNeg,FALSE,PubMedNeg,TRUE,PMID:27274594,TRUE,PMID:27274594
Homo sapiens,Human,Picornaviridae,Enterovirus,Enterovirus 68,IV,additional emerging virus,RNA,TRUE,FALSE,FALSE,FALSE,FALSE,FALSE,PubMedNeg,FALSE,PubMedNeg,TRUE,https://www.cdc.gov/non-polio-enterovirus/about/ev-d68.html,FALSE,PubMedNeg,FALSE,PubMedNeg,FALSE,PubMedNeg,FALSE,PubMedNeg,FALSE,PubMedNeg,FALSE,PubMedNeg,FALSE,PubMedNeg,FALSE,PubMedNeg,TRUE,https://www.cdc.gov/non-polio-enterovirus/about/ev-d68.html
Homo sapiens,Human,Picornaviridae,Enterovirus,Enterovirus 71,IV,additional emerging virus,RNA,TRUE,FALSE,FALSE,FALSE,FALSE,TRUE,PMID: 28698666,FALSE,PubMedNeg,FALSE,PubMedNeg,FALSE,PubMedNeg,FALSE,PubMedNeg,FALSE,PubMedNeg,FALSE,PubMedNeg,FALSE,PubMedNeg,TRUE,PMID: 10987713,FALSE,PubMedNeg,FALSE,PubMedNeg,FALSE,PubMedNeg
Homo sapiens,Human,Picornaviridae,Aphthovirus,Foot and mouth disease virus,IV,,RNA,TRUE,FALSE,FALSE,FALSE,FALSE,FALSE,PubMedNeg,FALSE,PubMedNeg,TRUE,"PMID: 15112774; Fenner, Frank J.; Gibbs, E. Paul J.; Murphy, Frederick A.; Rott, Rudolph; Studdert, Michael J.; White, David O. (1993). Veterinary Virology (2nd ed.). Academic Press, Inc. ISBN 978-0-12-253056-2",FALSE,PubMedNeg,FALSE,PubMedNeg,TRUE,"Fenner, Frank J.; Gibbs, E. Paul J.; Murphy, Frederick A.; Rott, Rudolph; Studdert, Michael J.; White, David O. (1993). Veterinary Virology (2nd ed.). Academic Press, Inc. ISBN 978-0-12-253056-2",FALSE,PubMedNeg,FALSE,PubMedNeg,FALSE,PubMedNeg,FALSE,PubMedNeg,FALSE,PubMedNeg,TRUE,"PMID: 15112774; Fenner, Frank J.; Gibbs, E. Paul J.; Murphy, Frederick A.; Rott, Rudolph; Studdert, Michael J.; White, David O. (1993). Veterinary Virology (2nd ed.). Academic Press, Inc. ISBN 978-0-12-253056-2"
Homo sapiens,Human,Arenaviridae,Mammarenavirus,Guanarito mammarenavirus,V,A,RNA,TRUE,FALSE,TRUE,TRUE,TRUE,FALSE,PubMedNeg,FALSE,PubMedNeg,FALSE,PubMedNeg,TRUE,PMID: 22172205,FALSE,PubMedNeg,FALSE,PubMedNeg,FALSE,PubMedNeg,FALSE,PubMedNeg,FALSE,PubMedNeg,FALSE,PubMedNeg,FALSE,PubMedNeg,FALSE,PubMedNeg
Homo sapiens,Human,Phenuiviridae,Phlebovirus,Heartland virus,V,C,RNA,TRUE,FALSE,FALSE,FALSE,TRUE,FALSE,PubMedNeg,TRUE,PMID: 30223439 ,FALSE,PubMedNeg,FALSE,PubMedNeg,FALSE,PubMedNeg,FALSE,PubMedNeg,FALSE,PubMedNeg,FALSE,PubMedNeg,FALSE,PubMedNeg,FALSE,PubMedNeg,FALSE,PubMedNeg,FALSE,PubMedNeg
Homo sapiens,Human,Paramyxoviridae,Henipavirus,Hendra virus,V,C,RNA,TRUE,FALSE,TRUE,TRUE,TRUE,FALSE,PubMedNeg,FALSE,PubMedNeg,FALSE,PubMedNeg,FALSE,PubMedNeg,FALSE,PubMedNeg,FALSE,PubMedNeg,FALSE,PubMedNeg,FALSE,PubMedNeg,FALSE,PubMedNeg,FALSE,PubMedNeg,FALSE,PubMedNeg,TRUE,PMID:7603375 
Homo sapiens,Human,Picornaviridae,Hepatovirus,Hepatitis A virus,IV,B,RNA,TRUE,FALSE,FALSE,FALSE,FALSE,TRUE,PMID: 23198670,FALSE,PubMedNeg,FALSE,PubMedNeg,FALSE,PubMedNeg,TRUE,PMID: 6243391,TRUE,PMID: 15831565,FALSE,PubMedNeg,FALSE,PMID: 22537111,FALSE,PubMedNeg,FALSE,PubMedNeg,TRUE,PMID: 15504159,FALSE,PubMedNeg
Homo sapiens,Human,Hepadnaviridae,Orthohepadnavirus,Hepatitis B virus,VII,,DNA,TRUE,FALSE,TRUE,TRUE,TRUE,FALSE,PMID: 26289533,FALSE,PubMedNeg,FALSE,PubMedNeg,FALSE,PubMedNeg,TRUE,PMID: 12887033,FALSE,PubMedNeg,TRUE,PMID: 15911449,FALSE,PMID: 15384578,TRUE,Merck Veterinary Manual,FALSE,PubMedNeg,TRUE,PMID: 29939980,TRUE,PMID: 21497126
Homo sapiens,Human,Flaviviridae,Hepacivirus,Hepatitis C virus,IV,additional emerging virus,RNA,TRUE,FALSE,FALSE,FALSE,TRUE,FALSE,PubMedNeg,FALSE,PubMedNeg,TRUE,PMID: 18312289,FALSE,PubMedNeg,TRUE,PMID: 20706177,FALSE,PubMedNeg,TRUE,PMID: 7811879,FALSE,PMID: 15384578,TRUE,PMID: 24928290,FALSE,PubMedNeg,TRUE,PMID: 25473152,FALSE,PubMedNeg
Homo sapiens,Human,Flaviviridae,Pegivirus,Hepatitis G virus,IV,,RNA,TRUE,FALSE,FALSE,FALSE,TRUE,FALSE,PubMedNeg,FALSE,PubMedNeg,FALSE,PubMedNeg,FALSE,PubMedNeg,TRUE,PMID: 9661838,FALSE,PubMedNeg,FALSE,PubMedNeg,FALSE,PubMedNeg,TRUE,Merck Veterinary Manual,FALSE,PubMedNeg,TRUE,PMID: 10364608,FALSE,PubMedNeg
Homo sapiens,Human,Herpesviridae,Simplexvirus,Herpes simplex virus 1,I,,DNA,TRUE,FALSE,FALSE,FALSE,TRUE,FALSE,PubMedNeg,FALSE,PubMedNeg,FALSE,PubMedNeg,FALSE,PubMedNeg,TRUE,PMID:25153069,FALSE,PubMedNeg,TRUE,PMID:26581494,FALSE,PMID:26917575,TRUE,PMID:19150274,FALSE,PubMedNeg,FALSE,PMID:10878482,TRUE,PMID:30106670
Homo sapiens,Human,Herpesviridae,Simplexvirus,Herpes simplex virus 2,I,,DNA,TRUE,FALSE,FALSE,FALSE,TRUE,FALSE,PubMedNeg,FALSE,PubMedNeg,FALSE,PubMedNeg,FALSE,PubMedNeg,TRUE,PMID:25153069,FALSE,PubMedNeg,FALSE,PubMedNeg,FALSE,PubMedNeg,TRUE,PMID:12517231 ,FALSE,PubMedNeg,FALSE,PMID:10878482,TRUE,PMID:185732
Homo sapiens,Human,Herpesviridae,Roseolovirus,HHV6,I,additional emerging virus,DNA,TRUE,FALSE,FALSE,FALSE,TRUE,FALSE,PubMedNeg,FALSE,PubMedNeg,FALSE,PubMedNeg,FALSE,PubMedNeg,TRUE,PMID: 10738135,FALSE,PubMedNeg,FALSE,PubMedNeg,FALSE,PMID: 9783698,TRUE,PMID:15480369,TRUE,PMID: 28835501,TRUE,PMID:10878482,FALSE,PubMedNeg
Homo sapiens,Human,Herpesviridae,Roseolovirus,HHV7,I,,DNA,TRUE,FALSE,FALSE,FALSE,TRUE,FALSE,PubMedNeg,FALSE,PubMedNeg,FALSE,PubMedNeg,FALSE,PubMedNeg,FALSE,PubMedNeg,FALSE,PubMedNeg,FALSE,PubMedNeg,FALSE,PubMedNeg,TRUE,PMID:15480369,TRUE,PMID: 28284243,TRUE,PMID:10878482,TRUE,PMID: 11427741
Homo sapiens,Human,Herpesviridae,Rhadinovirus,HHV8,I,additional emerging virus,DNA,TRUE,FALSE,FALSE,FALSE,TRUE,FALSE,PubMedNeg,FALSE,PubMedNeg,FALSE,PubMedNeg,FALSE,PubMedNeg,TRUE,PMID: 17570106,FALSE,PubMedNeg,FALSE,PubMedNeg,FALSE,PubMedNeg,TRUE,PMID: 19115001,FALSE,PubMedNeg,FALSE,PubMedNeg,TRUE,PMID: 17496573
Homo sapiens,Human,Retroviridae,Lentivirus,HIV,VI,,RNA,TRUE,FALSE,FALSE,FALSE,TRUE,FALSE,PubMedNeg,FALSE,PubMedNeg,FALSE,PubMedNeg,FALSE,PubMedNeg,TRUE,PMID:24809629,FALSE,PubMedNeg,TRUE,PMID: 29687590,TRUE,PMID:10703779,TRUE,PMID:30239402,FALSE,PubMedNeg,TRUE,PMID:28399843,FALSE,PubMedNeg
Homo sapiens,Human,Papillomaviridae,Alphapapillomavirus,HPV16,I,,DNA,TRUE,FALSE,FALSE,FALSE,FALSE,FALSE,PubMedNeg,FALSE,PubMedNeg,FALSE,PubMedNeg,FALSE,PubMedNeg,TRUE,PMID: 26691673,FALSE,PubMedNeg,FALSE,PubMedNeg,FALSE,PubMedNeg,FALSE,PubMedNeg,FALSE,PubMedNeg,FALSE,PubMedNeg,TRUE,PMID: 28165175
Homo sapiens,Human,Papillomaviridae,Alphapapillomavirus,HPV18,I,,DNA,TRUE,FALSE,FALSE,FALSE,FALSE,FALSE,PubMedNeg,FALSE,PubMedNeg,FALSE,PubMedNeg,FALSE,PubMedNeg,TRUE,PMID: 18847553,FALSE,PubMedNeg,FALSE,PubMedNeg,FALSE,PubMedNeg,FALSE,PubMedNeg,FALSE,PubMedNeg,FALSE,PubMedNeg,TRUE,PMID: 28165175
Homo sapiens,Human,Retroviridae,Deltaretrovirus,HTLV,VI,,RNA,TRUE,FALSE,FALSE,FALSE,TRUE,FALSE,PubMedNeg,FALSE,PubMedNeg,FALSE,PubMedNeg,FALSE,PubMedNeg,TRUE,PMID: 25075475,FALSE,PubMedNeg,TRUE,PMID: 27325689,TRUE,PMID: 26848683,TRUE,PMID: 25075475,FALSE,PubMedNeg,TRUE,PMID: 29267225,FALSE,PubMedNeg
Homo sapiens,Human,Astroviridae,Mamastrovirus,Human astrovirus 1-8,IV,,RNA,TRUE,FALSE,FALSE,FALSE,FALSE,TRUE,PMID:113503,FALSE,PubMedNeg,FALSE,PubMedNeg,FALSE,PubMedNeg,FALSE,PubMedNeg,FALSE,PubMedNeg,FALSE,PubMedNeg,FALSE,PubMedNeg,FALSE,PubMedNeg,FALSE,PubMedNeg,FALSE,PubMedNeg,FALSE,PubMedNeg
Homo sapiens,Human,Coronaviridae,Alphacoronavirus,Human cold coronavirus,IV,,RNA,TRUE,FALSE,FALSE,FALSE,TRUE,FALSE,PubMedNeg,FALSE,PubMedNeg,TRUE,PMID:29551135,FALSE,PubMedNeg,FALSE,PubMedNeg,FALSE,PubMedNeg,FALSE,PubMedNeg,FALSE,PubMedNeg,FALSE,PubMedNeg,FALSE,PubMedNeg,FALSE,PubMedNeg,FALSE,PubMedNeg
Homo sapiens,Human,Herpesviridae,Varicellovirus,Human herpes virus 3/varicela-zoster virus,I,,DNA,TRUE,FALSE,FALSE,FALSE,TRUE,FALSE,PubMedNeg,FALSE,PubMedNeg,TRUE,PMID:12399190,FALSE,PubMedNeg,FALSE,PubMedNeg,FALSE,PubMedNeg,FALSE,PubMedNeg,TRUE,PMID:25573640,TRUE,PMID:26965725,FALSE,PubMedNeg,FALSE,PMID:10878482,TRUE,PMID:2153790
Homo sapiens,Human,Herpesviridae,Lymphocryptovirus,Human herpes virus 4/Epstein bar virus,I,,DNA,TRUE,FALSE,FALSE,FALSE,TRUE,FALSE,PubMedNeg,FALSE,PubMedNeg,FALSE,PubMedNeg,FALSE,PubMedNeg,TRUE,PMID: 10837190,FALSE,PubMedNeg,FALSE,PubMedNeg,FALSE,PubMedNeg,FALSE,PubMedNeg,FALSE,PubMedNeg,TRUE,PMID:10878482,TRUE,PMID:12614729 
Homo sapiens,Human,Herpesviridae,Cytomegalovirus,Human herpes virus 5/cytomegalovirus,I,,DNA,TRUE,FALSE,FALSE,FALSE,TRUE,FALSE,PubMedNeg,FALSE,PubMedNeg,FALSE,PubMedNeg,FALSE,PubMedNeg,TRUE,PMID: 18354346 ,FALSE,PubMedNeg,FALSE,PubMedNeg,TRUE,PMID:26917575,TRUE,PMID: 28416012,FALSE,PubMedNeg,TRUE,PMID:10878482,TRUE,PMID: 30984257
Homo sapiens,Human,Adenoviridae,Mastadenovirus,Human mastadenovirus A,I,,DNA,TRUE,FALSE,FALSE,FALSE,FALSE,FALSE,PubMedNeg,FALSE,PubMedNeg,FALSE,PubMedNeg,FALSE,PubMedNeg,FALSE,PubMedNeg,FALSE,PubMedNeg,FALSE,PubMedNeg,FALSE,PubMedNeg,FALSE,PubMedNeg,FALSE,PubMedNeg,FALSE,PubMedNeg,FALSE,PubMedNeg
Homo sapiens,Human,Adenoviridae,Mastadenovirus,Human mastadenovirus B,I,,DNA,TRUE,FALSE,FALSE,FALSE,FALSE,FALSE,PubMedNeg,FALSE,PubMedNeg,TRUE,PMID:19109466,FALSE,PubMedNeg,FALSE,PubMedNeg,FALSE,PubMedNeg,FALSE,PubMedNeg,FALSE,PubMedNeg,FALSE,PubMedNeg,FALSE,PubMedNeg,FALSE,PubMedNeg,TRUE,PMID:18289721
Homo sapiens,Human,Adenoviridae,Mastadenovirus,Human mastadenovirus C,I,,DNA,TRUE,FALSE,FALSE,FALSE,FALSE,TRUE,PMID: 25252347,FALSE,PubMedNeg,TRUE,PMID 21849694,FALSE,PubMedNeg,FALSE,PubMedNeg,FALSE,PubMedNeg,FALSE,PubMedNeg,FALSE,PubMedNeg,FALSE,PubMedNeg,FALSE,PubMedNeg,FALSE,PubMedNeg,FALSE,PubMedNeg
Homo sapiens,Human,Adenoviridae,Mastadenovirus,Human mastadenovirus D,I,,DNA,TRUE,FALSE,FALSE,FALSE,FALSE,FALSE,PubMedNeg,FALSE,PubMedNeg,FALSE,PubMedNeg,FALSE,PubMedNeg,FALSE,PubMedNeg,TRUE,PMID: 16033453,FALSE,PubMedNeg,FALSE,PubMedNeg,FALSE,PubMedNeg,FALSE,PubMedNeg,FALSE,PubMedNeg,TRUE,PMID: 28915257
Homo sapiens,Human,Adenoviridae,Mastadenovirus,Human mastadenovirus E,I,,DNA,TRUE,FALSE,FALSE,FALSE,FALSE,FALSE,PubMedNeg,FALSE,PubMedNeg,TRUE,https://doi.org/10.1016/j.coviro.2018.01.001,FALSE,PubMedNeg,FALSE,PubMedNeg,FALSE,PubMedNeg,FALSE,PubMedNeg,FALSE,PubMedNeg,FALSE,PubMedNeg,FALSE,PubMedNeg,FALSE,PubMedNeg,TRUE,PMID: 30144556
Homo sapiens,Human,Adenoviridae,Mastadenovirus,Human mastadenovirus F,I,,DNA,TRUE,FALSE,FALSE,FALSE,FALSE,TRUE,PMID: 29404949,FALSE,PubMedNeg,FALSE,PubMedNeg,FALSE,PubMedNeg,FALSE,PubMedNeg,FALSE,PubMedNeg,FALSE,PubMedNeg,FALSE,PubMedNeg,FALSE,PubMedNeg,FALSE,PubMedNeg,FALSE,PubMedNeg,FALSE,PubMedNeg
Homo sapiens,Human,Polyomaviridae,Alphapolyomavirus,Human polyomavirus 2,I,additional emerging virus,DNA,TRUE,FALSE,FALSE,FALSE,FALSE,TRUE,PMID: 19494079,FALSE,PubMedNeg,FALSE,PubMedNeg,FALSE,PubMedNeg,FALSE,PubMedNeg,FALSE,PubMedNeg,FALSE,PubMedNeg,FALSE,PubMedNeg,TRUE,PMID:21307224,FALSE,PubMedNeg,FALSE,PubMedNeg,FALSE,PMID: 23690827
Homo sapiens,Human,Polyomaviridae,Betapolyomavirus,Human polyomavirus 5,I,,DNA,TRUE,FALSE,FALSE,FALSE,FALSE,TRUE,PMID: 19588496,FALSE,PubMedNeg,TRUE,PMID: 23829968,FALSE,PubMedNeg,TRUE,PMID: 30791443,FALSE,PubMedNeg,FALSE,PubMedNeg,FALSE,PubMedNeg,FALSE,PubMedNeg,FALSE,PubMedNeg,FALSE,PubMedNeg,FALSE,PubMedNeg
Homo sapiens,Human,Orthomyxoviridae,Alphainfluenzavirus,Influenza A virus,V,C,RNA,FALSE,FALSE,FALSE,TRUE,TRUE,FALSE,PubMedNeg,FALSE,PubMedNeg,TRUE,"Fenner, Frank J.; Gibbs, E. Paul J.; Murphy, Frederick A.; Rott, Rudolph; Studdert, Michael J.; White, David O. (1993). Veterinary Virology (2nd ed.). Academic Press, Inc. ISBN 978-0-12-253056-2",FALSE,PubMedNeg,FALSE,PubMedNeg,FALSE,PubMedNeg,FALSE,PubMedNeg,FALSE,PubMedNeg,FALSE,PubMedNeg,FALSE,PubMedNeg,FALSE,PubMedNeg,TRUE,"Fenner, Frank J.; Gibbs, E. Paul J.; Murphy, Frederick A.; Rott, Rudolph; Studdert, Michael J.; White, David O. (1993). Veterinary Virology (2nd ed.). Academic Press, Inc. ISBN 978-0-12-253056-2"
Homo sapiens,Human,Orthomyxoviridae,Betainfluenzavirus,Influenza B virus,V,,RNA,FALSE,FALSE,FALSE,TRUE,TRUE,FALSE,PubMedNeg,FALSE,PubMedNeg,TRUE,"Fenner, Frank J.; Gibbs, E. Paul J.; Murphy, Frederick A.; Rott, Rudolph; Studdert, Michael J.; White, David O. (1993). Veterinary Virology (2nd ed.). Academic Press, Inc. ISBN 978-0-12-253056-2",FALSE,PubMedNeg,FALSE,PubMedNeg,FALSE,PubMedNeg,FALSE,PubMedNeg,FALSE,PubMedNeg,FALSE,PubMedNeg,FALSE,PubMedNeg,FALSE,PubMedNeg,TRUE,"Fenner, Frank J.; Gibbs, E. Paul J.; Murphy, Frederick A.; Rott, Rudolph; Studdert, Michael J.; White, David O. (1993). Veterinary Virology (2nd ed.). Academic Press, Inc. ISBN 978-0-12-253056-2"
Homo sapiens,Human,Orthomyxoviridae,Gammainfluenzavirus,Influenza C virus,V,,RNA,FALSE,FALSE,FALSE,TRUE,TRUE,FALSE,PubMedNeg,FALSE,PubMedNeg,TRUE,"Fenner, Frank J.; Gibbs, E. Paul J.; Murphy, Frederick A.; Rott, Rudolph; Studdert, Michael J.; White, David O. (1993). Veterinary Virology (2nd ed.). Academic Press, Inc. ISBN 978-0-12-253056-2",FALSE,PubMedNeg,FALSE,PubMedNeg,FALSE,PubMedNeg,FALSE,PubMedNeg,FALSE,PubMedNeg,FALSE,PubMedNeg,FALSE,PubMedNeg,FALSE,PubMedNeg,TRUE,"Fenner, Frank J.; Gibbs, E. Paul J.; Murphy, Frederick A.; Rott, Rudolph; Studdert, Michael J.; White, David O. (1993). Veterinary Virology (2nd ed.). Academic Press, Inc. ISBN 978-0-12-253056-2"
Homo sapiens,Human,Peribunyaviridae,Orthobunyavirus,Jamestown Canyon virus,V,,RNA,TRUE,FALSE,FALSE,FALSE,TRUE,FALSE,PubMedNeg,TRUE,PMID: 25487728,FALSE,PubMedNeg,FALSE,PubMedNeg,FALSE,PubMedNeg,FALSE,PubMedNeg,FALSE,PubMedNeg,FALSE,PubMedNeg,FALSE,PubMedNeg,FALSE,PubMedNeg,FALSE,PubMedNeg,FALSE,PubMedNeg
Homo sapiens,Human,Flaviviridae,Flavivirus,Japanese encephalitis virus,IV,B,RNA,TRUE,FALSE,FALSE,FALSE,TRUE,FALSE,PubMedNeg,TRUE,PMID: 24427764,FALSE,PubMedNeg,FALSE,PubMedNeg,FALSE,PubMedNeg,FALSE,PubMedNeg,FALSE,PubMedNeg,FALSE,PubMedNeg,FALSE,PubMedNeg,FALSE,PubMedNeg,TRUE,PMID: 29043965,FALSE,PubMedNeg
Homo sapiens,Human,Flaviviridae,Flavivirus,Kyasanur Forest virus,IV,C,RNA,TRUE,FALSE,FALSE,FALSE,TRUE,FALSE,PubMedNeg,TRUE,PMID: 24907187,FALSE,PubMedNeg,FALSE,PubMedNeg,FALSE,PubMedNeg,FALSE,PubMedNeg,FALSE,PubMedNeg,FALSE,PubMedNeg,FALSE,PubMedNeg,FALSE,PubMedNeg,FALSE,PubMedNeg,FALSE,PubMedNeg
Homo sapiens,Human,Peribunyaviridae,Orthobunyavirus,La Crosse,V,B,RNA,TRUE,FALSE,FALSE,FALSE,TRUE,FALSE,PubMedNeg,TRUE,PMID: 27621342 ,FALSE,PubMedNeg,FALSE,PubMedNeg,FALSE,PubMedNeg,FALSE,PubMedNeg,FALSE,PubMedNeg,FALSE,PubMedNeg,TRUE,PMID: 19145220,FALSE,PubMedNeg,FALSE,PubMedNeg,FALSE,PubMedNeg
Homo sapiens,Human,Arenaviridae,Mammarenavirus,Lassa mammarenavirus,V,A,RNA,TRUE,FALSE,TRUE,TRUE,TRUE,FALSE,PubMedNeg,FALSE,PubMedNeg,TRUE,PMID:20071570,TRUE,PMID:20071570,FALSE,PubMedNeg,TRUE,PMID:20071570,FALSE,PubMedNeg,FALSE,PubMedNeg,FALSE,PubMedNeg,FALSE,PubMedNeg,TRUE,PMID: 31002054,FALSE,PubMedNeg
Homo sapiens,Human,Flaviviridae,Flavivirus,Louping ill virus,IV,,RNA,TRUE,FALSE,FALSE,FALSE,TRUE,FALSE,PubMedNeg,TRUE,PMID: 24907187,FALSE,PubMedNeg,FALSE,PubMedNeg,FALSE,PubMedNeg,FALSE,PubMedNeg,FALSE,PubMedNeg,FALSE,PubMedNeg,FALSE,PubMedNeg,FALSE,PubMedNeg,FALSE,PubMedNeg,FALSE,PubMedNeg
Homo sapiens,Human,Arenaviridae,Mammarenavirus,Lujo mammarenavirus,V,A,RNA,TRUE,FALSE,TRUE,TRUE,TRUE,FALSE,PubMedNeg,FALSE,PubMedNeg,FALSE,PubMedNeg,FALSE,PubMedNeg,FALSE,PubMedNeg,FALSE,PubMedNeg,FALSE,PubMedNeg,FALSE,PubMedNeg,FALSE,PubMedNeg,FALSE,PubMedNeg,FALSE,PubMedNeg,TRUE,PMID: 19478873
Homo sapiens,Human,Arenaviridae,Mammarenavirus,Lymphocytic choriomeningitis mammarenavirus,V,,RNA,TRUE,FALSE,TRUE,TRUE,TRUE,FALSE,PubMedNeg,FALSE,PubMedNeg,TRUE,PMID: 21497126,TRUE,PMID: 1636880,FALSE,PubMedNeg,TRUE,PMID:29439402,TRUE,PMID: 25017980,FALSE,PubMedNeg,TRUE,PMID: 16731068,FALSE,PubMedNeg,TRUE,PMID: 17050901,TRUE,PMID: 1636880
Homo sapiens,Human,Arenaviridae,Mammarenavirus,Machupo mammarenavirus,V,A,RNA,TRUE,FALSE,TRUE,TRUE,TRUE,FALSE,PubMedNeg,FALSE,PubMedNeg,FALSE,PubMedNeg,TRUE,PMID:24636947 ,FALSE,PubMedNeg,TRUE,PMID:24636947 ,FALSE,PubMedNeg,FALSE,PubMedNeg,FALSE,PubMedNeg,FALSE,PubMedNeg,TRUE,PMID:24636947 ,FALSE,PubMedNeg
Homo sapiens,Human,Filoviridae,Marburgvirus,Marburg,V,A,RNA,FALSE,FALSE,TRUE,FALSE,TRUE,FALSE,PubMedNeg,FALSE,PubMedNeg,TRUE,https://www.afro.who.int/health-topics/marburg-haemorrhagic-fever,FALSE,PubMedNeg,FALSE,PubMedNeg,FALSE,PubMedNeg,FALSE,PubMedNeg,FALSE,PubMedNeg,FALSE,PubMedNeg,FALSE,PubMedNeg,TRUE,https://www.afro.who.int/health-topics/marburg-haemorrhagic-fever,TRUE,PMID:25820266
Homo sapiens,Human,Paramyxoviridae,Morbillivirus,Measles virus,V,additional emerging virus,RNA,TRUE,FALSE,TRUE,TRUE,TRUE,FALSE,PubMedNeg,FALSE,PubMedNeg,TRUE,PMID:27483301,FALSE,PubMedNeg,FALSE,PubMedNeg,FALSE,PubMedNeg,FALSE,PubMedNeg,FALSE,PubMedNeg,TRUE,PMID: 23959917,FALSE,PubMedNeg,FALSE,PubMedNeg,TRUE,PMID:26542049
Homo sapiens,Human,Coronaviridae,Betacoronavirus,MERS,IV,C,RNA,TRUE,FALSE,FALSE,FALSE,TRUE,FALSE,PubMedNeg,FALSE,PubMedNeg,TRUE,https://www.cdc.gov/coronavirus/mers/about/transmission.html,FALSE,PubMedNeg,FALSE,PubMedNeg,FALSE,PubMedNeg,FALSE,PubMedNeg,FALSE,PubMedNeg,FALSE,PubMedNeg,FALSE,PubMedNeg,FALSE,PubMedNeg,FALSE,PubMedNeg
Homo sapiens,Human,Poxviridae,Molluscipoxvirus,Molluscum contagiosum,I,,DNA,FALSE,FALSE,FALSE,TRUE,TRUE,FALSE,PubMedNeg,FALSE,PubMedNeg,FALSE,PubMedNeg,FALSE,PubMedNeg,TRUE,PMID: 23977728,FALSE,PubMedNeg,FALSE,PubMedNeg,FALSE,PubMedNeg,TRUE,PMID: 18950398,FALSE,PubMedNeg,FALSE,PubMedNeg,TRUE,PMID:30106670
Homo sapiens,Human,Poxviridae,Orthopoxvirus,Monkeypox virus,I,,DNA,FALSE,FALSE,FALSE,TRUE,TRUE,FALSE,PubMedNeg,FALSE,PubMedNeg,FALSE,PubMedNeg,FALSE,PubMedNeg,FALSE,PubMedNeg,FALSE,PubMedNeg,TRUE,PMID: 6132084,FALSE,PubMedNeg,FALSE,PubMedNeg,FALSE,PubMedNeg,FALSE,PubMedNeg,TRUE,"Fenner, Frank J.; Gibbs, E. Paul J.; Murphy, Frederick A.; Rott, Rudolph; Studdert, Michael J.; White, David O. (1993). Veterinary Virology (2nd ed.). Academic Press, Inc. ISBN 978-0-12-253056-2"
Homo sapiens,Human,Paramyxoviridae,Rubulavirus,Mumps virus,V,,RNA,TRUE,FALSE,TRUE,TRUE,TRUE,FALSE,PubMedNeg,FALSE,PubMedNeg,TRUE,R. T. Emond Mumps Postgrad Med J. 1966 May; 42(487): 318?320.,FALSE,PubMedNeg,FALSE,PubMedNeg,FALSE,PubMedNeg,FALSE,PubMedNeg,FALSE,PubMedNeg,FALSE,PubMedNeg,FALSE,PubMedNeg,FALSE,PubMedNeg,TRUE,R. T. Emond Mumps Postgrad Med J. 1966 May; 42(487): 318?320.
Homo sapiens,Human,Flaviviridae,Flavivirus,Murray valley encephalitis virus,IV,,RNA,TRUE,FALSE,FALSE,FALSE,TRUE,FALSE,PubMedNeg,TRUE,PMID: 29044370,FALSE,PubMedNeg,FALSE,PubMedNeg,FALSE,PubMedNeg,FALSE,PubMedNeg,FALSE,PubMedNeg,FALSE,PubMedNeg,FALSE,PubMedNeg,FALSE,PubMedNeg,FALSE,PubMedNeg,FALSE,PubMedNeg
Homo sapiens,Human,Nairoviridae,Orthonairovirus,Nairobi sheep disease orthonairovirus,V,,RNA,TRUE,FALSE,FALSE,FALSE,TRUE,FALSE,PubMedNeg,TRUE,PMID:25811222,FALSE,PubMedNeg,FALSE,PubMedNeg,FALSE,PubMedNeg,FALSE,PubMedNeg,FALSE,PubMedNeg,FALSE,PubMedNeg,FALSE,PubMedNeg,FALSE,PubMedNeg,FALSE,PubMedNeg,FALSE,PubMedNeg
Homo sapiens,Human,Paramyxoviridae,Avulavirus,Newcastle Disease virus,V,,RNA,TRUE,FALSE,TRUE,TRUE,TRUE,FALSE,PubMedNeg,FALSE,PubMedNeg,FALSE,PubMedNeg,FALSE,PubMedNeg,FALSE,PubMedNeg,FALSE,PubMedNeg,FALSE,PubMedNeg,FALSE,PubMedNeg,FALSE,PubMedNeg,FALSE,PubMedNeg,FALSE,PubMedNeg,TRUE,PMID: 1025751
Homo sapiens,Human,Paramyxoviridae,Henipavirus,Nipah virus,V,C,RNA,TRUE,FALSE,TRUE,TRUE,TRUE,FALSE,PubMedNeg,FALSE,PubMedNeg,TRUE,PMID: 25229234,FALSE,PubMedNeg,FALSE,PubMedNeg,TRUE,PMID: 25229234,FALSE,PubMedNeg,FALSE,PubMedNeg,FALSE,PubMedNeg,FALSE,PubMedNeg,FALSE,PubMedNeg,TRUE,"PMID: PMID: 28388650; Fenner, Frank J.; Gibbs, E. Paul J.; Murphy, Frederick A.; Rott, Rudolph; Studdert, Michael J.; White, David O. (1993). Veterinary Virology (2nd ed.). Academic Press, Inc. ISBN 978-0-12-253056-2"
Homo sapiens,Human,Caliciviridae,Norovirus,Norwalk virus,IV,B,RNA,TRUE,FALSE,FALSE,FALSE,FALSE,TRUE,PMID: 9413535,FALSE,PubMedNeg,TRUE,PMID: 10982072,FALSE,PubMedNeg,FALSE,PubMedNeg,TRUE,PMID: 10753727,FALSE,PubMedNeg,FALSE,PubMedNeg,FALSE,PubMedNeg,FALSE,PubMedNeg,FALSE,PubMedNeg,FALSE,PubMedNeg
Homo sapiens,Human,Flaviviridae,Flavivirus,Omsk hemorrhagic fever virus,IV,C,RNA,TRUE,FALSE,FALSE,FALSE,TRUE,FALSE,PubMedNeg,TRUE,PMID: 24907187,FALSE,PubMedNeg,FALSE,PubMedNeg,FALSE,PubMedNeg,FALSE,PubMedNeg,FALSE,PubMedNeg,FALSE,PubMedNeg,FALSE,PubMedNeg,FALSE,PubMedNeg,FALSE,PubMedNeg,FALSE,PubMedNeg
Homo sapiens,Human,Poxviridae,Parapoxvirus,Orf virus,I,,DNA,FALSE,FALSE,FALSE,TRUE,TRUE,FALSE,PubMedNeg,FALSE,PubMedNeg,FALSE,PubMedNeg,FALSE,PubMedNeg,FALSE,PubMedNeg,TRUE,"Fenner, Frank J.; Gibbs, E. Paul J.; Murphy, Frederick A.; Rott, Rudolph; Studdert, Michael J.; White, David O. (1993). Veterinary Virology (2nd ed.). Academic Press, Inc. ISBN 978-0-12-253056-2",FALSE,PubMedNeg,FALSE,PubMedNeg,FALSE,PubMedNeg,FALSE,PubMedNeg,FALSE,PubMedNeg,TRUE,"Fenner, Frank J.; Gibbs, E. Paul J.; Murphy, Frederick A.; Rott, Rudolph; Studdert, Michael J.; White, David O. (1993). Veterinary Virology (2nd ed.). Academic Press, Inc. ISBN 978-0-12-253056-2"
Homo sapiens,Human,Hepeviridae,Orthohepevirus,Orthohepevirus A,IV,additional emerging virus,RNA,TRUE,FALSE,FALSE,FALSE,FALSE,TRUE,"Fenner, Frank J.; Gibbs, E. Paul J.; Murphy, Frederick A.; Rott, Rudolph; Studdert, Michael J.; White, David O. (1993). Veterinary Virology (2nd ed.). Academic Press, Inc. ISBN 978-0-12-253056-2",FALSE,PubMedNeg,FALSE,PubMedNeg,FALSE,PubMedNeg,FALSE,PubMedNeg,FALSE,PubMedNeg,FALSE,PubMedNeg,FALSE,PubMedNeg,FALSE,PubMedNeg,FALSE,PubMedNeg,FALSE,PubMedNeg,FALSE,PubMedNeg
Homo sapiens,Human,Paramyxoviridae,Respirovirus,Parainfluenza virus,V,,RNA,TRUE,FALSE,TRUE,TRUE,TRUE,FALSE,PubMedNeg,FALSE,PubMedNeg,TRUE,https://web.archive.org/web/20120320192506/http://www.cdc.gov/ncidod/dvrd/revb/respiratory/hpivfeat.htm,FALSE,PubMedNeg,FALSE,PubMedNeg,FALSE,PubMedNeg,FALSE,PubMedNeg,FALSE,PubMedNeg,FALSE,PubMedNeg,FALSE,PubMedNeg,FALSE,PubMedNeg,TRUE,PMID: 28893615
Homo sapiens,Human,Picornaviridae,Enterovirus,Poliovirus/Enterovirus C,IV,additional emerging virus,RNA,TRUE,FALSE,FALSE,FALSE,FALSE,TRUE,PMID: 23550968,FALSE,PubMedNeg,TRUE,https://www.cdc.gov/polio/about/index.htm,FALSE,PubMedNeg,FALSE,PubMedNeg,TRUE,https://www.cdc.gov/polio/about/index.htm,FALSE,PubMedNeg,FALSE,PubMedNeg,FALSE,PubMedNeg,FALSE,PubMedNeg,FALSE,PubMedNeg,FALSE,PubMedNeg
Homo sapiens,Human,Poxviridae,Parapoxvirus,Pseudocowpox,I,,DNA,FALSE,FALSE,FALSE,TRUE,TRUE,FALSE,PubMedNeg,FALSE,PubMedNeg,FALSE,PubMedNeg,FALSE,PubMedNeg,FALSE,PubMedNeg,FALSE,PubMedNeg,FALSE,PubMedNeg,FALSE,PubMedNeg,FALSE,PubMedNeg,FALSE,PubMedNeg,FALSE,PubMedNeg,TRUE,PMID: 29125649
Homo sapiens,Human,Rhabdoviridae,Lyssavirus,Rabies virus,V,C,RNA,FALSE,TRUE,FALSE,FALSE,TRUE,FALSE,PubMedNeg,FALSE,PubMedNeg,FALSE,PubMedNeg,FALSE,PubMedNeg,FALSE,PubMedNeg,FALSE,PubMedNeg,TRUE,PMID: 27313170,FALSE,PubMedNeg,TRUE,PMID: 26947499,FALSE,PubMedNeg,FALSE,PubMedNeg,FALSE,PubMedNeg
Homo sapiens,Human,Pneumoviridae,Orthopneumovirus,Respiratory syncytial virus,V,,RNA,TRUE,FALSE,TRUE,TRUE,TRUE,FALSE,PubMedNeg,FALSE,PubMedNeg,FALSE,PubMedNeg,FALSE,PubMedNeg,FALSE,PubMedNeg,FALSE,PubMedNeg,FALSE,PubMedNeg,FALSE,PubMedNeg,FALSE,PubMedNeg,FALSE,PubMedNeg,FALSE,PubMedNeg,TRUE,PMID: 7287181 
Homo sapiens,Human,Retroviridae,Simiispumavirus,Rhesus macaque simian foamy virus,VI,,RNA,TRUE,FALSE,FALSE,FALSE,TRUE,FALSE,PubMedNeg,FALSE,PubMedNeg,FALSE,PubMedNeg,FALSE,PubMedNeg,FALSE,PubMedNeg,TRUE,PMID: 29197389,TRUE,PMID: 29197389,FALSE,PubMedNeg,FALSE,PubMedNeg,FALSE,PubMedNeg,FALSE,PubMedNeg,TRUE,PMID: 29197389
Homo sapiens,Human,Picornaviridae,Enterovirus,Rhinovirus A,IV,,RNA,TRUE,FALSE,FALSE,FALSE,FALSE,TRUE,PMID: 23227049,FALSE,PubMedNeg,FALSE,PubMedNeg,FALSE,PubMedNeg,FALSE,PubMedNeg,FALSE,PubMedNeg,FALSE,PubMedNeg,FALSE,PubMedNeg,FALSE,PubMedNeg,FALSE,PubMedNeg,FALSE,PubMedNeg,FALSE,PubMedNeg
Homo sapiens,Human,Phenuiviridae,Phlebovirus,Rift Valley fever phlebovirus,V,A,RNA,TRUE,FALSE,FALSE,FALSE,TRUE,FALSE,PubMedNeg,TRUE,PMID: 28457351,TRUE,PMID: 30463176,FALSE,PubMedNeg,FALSE,PubMedNeg,TRUE,PMID: 30036382,FALSE,PubMedNeg,FALSE,PubMedNeg,FALSE,PubMedNeg,FALSE,PubMedNeg,FALSE,PubMedNeg,TRUE,PMID: 30036382
Homo sapiens,Human,Reoviridae,Rotavirus,Rotavirus A,III,,RNA,TRUE,FALSE,FALSE,FALSE,FALSE,TRUE,PMID: 11052397,FALSE,PubMedNeg,FALSE,PubMedNeg,FALSE,PubMedNeg,FALSE,PubMedNeg,FALSE,PubMedNeg,FALSE,PubMedNeg,FALSE,PubMedNeg,TRUE,PMID: 9772438,FALSE,PubMedNeg,FALSE,PubMedNeg,FALSE,PubMedNeg
Homo sapiens,Human,Reoviridae,Rotavirus,Rotavirus B,III,,RNA,TRUE,FALSE,FALSE,FALSE,FALSE,TRUE,"Fenner, Frank J.; Gibbs, E. Paul J.; Murphy, Frederick A.; Rott, Rudolph; Studdert, Michael J.; White, David O. (1993). Veterinary Virology (2nd ed.). Academic Press, Inc. ISBN 978-0-12-253056-2",FALSE,PubMedNeg,FALSE,PubMedNeg,FALSE,PubMedNeg,FALSE,PubMedNeg,FALSE,PubMedNeg,FALSE,PubMedNeg,FALSE,PubMedNeg,FALSE,PubMedNeg,FALSE,PubMedNeg,FALSE,PubMedNeg,FALSE,PubMedNeg
Homo sapiens,Human,Reoviridae,Rotavirus,Rotavirus C,III,,RNA,TRUE,FALSE,FALSE,FALSE,FALSE,TRUE,"Fenner, Frank J.; Gibbs, E. Paul J.; Murphy, Frederick A.; Rott, Rudolph; Studdert, Michael J.; White, David O. (1993). Veterinary Virology (2nd ed.). Academic Press, Inc. ISBN 978-0-12-253056-2",FALSE,PubMedNeg,FALSE,PubMedNeg,FALSE,PubMedNeg,FALSE,PubMedNeg,FALSE,PubMedNeg,FALSE,PubMedNeg,FALSE,PubMedNeg,FALSE,PubMedNeg,FALSE,PubMedNeg,FALSE,PubMedNeg,FALSE,PubMedNeg
Homo sapiens,Human,Togaviridae,Rubivirus,Rubella virus,IV,,RNA,TRUE,FALSE,FALSE,FALSE,TRUE,FALSE,PubMedNeg,FALSE,PubMedNeg,TRUE,https://www.msdsonline.com/resources/sds-resources/free-safety-data-sheet-index/rubella-virus/,FALSE,PubMedNeg,FALSE,PubMedNeg,FALSE,PubMedNeg,FALSE,PubMedNeg,TRUE,PMID: 7077090,TRUE,PMID: 16580940 ,FALSE,PubMedNeg,FALSE,PubMedNeg,FALSE,PubMedNeg
Homo sapiens,Human,Caliciviridae,Sapovirus,Sapporo virus,IV,B,RNA,TRUE,FALSE,FALSE,FALSE,FALSE,TRUE,"Barer, Mike. ""Caliciviruses and Astroviruses"". In Greenwood, David (ed.).ÿMedical Microbiology: A Guide to Microbial Infections: pathogenesis, immunity, laboratory diagnosis and control. pp.ÿ579?586.",FALSE,PubMedNeg,TRUE,"Barer, Mike. ""Caliciviruses and Astroviruses"". In Greenwood, David (ed.).ÿMedical Microbiology: A Guide to Microbial Infections: pathogenesis, immunity, laboratory diagnosis and control. pp.ÿ579?586.",FALSE,PubMedNeg,FALSE,PubMedNeg,TRUE,PMID: 22752792,FALSE,PubMedNeg,FALSE,PubMedNeg,FALSE,PubMedNeg,FALSE,PubMedNeg,FALSE,PubMedNeg,FALSE,PubMedNeg
Homo sapiens,Human,Coronaviridae,Betacoronavirus,SARS,IV,C,RNA,TRUE,FALSE,FALSE,FALSE,TRUE,FALSE,PubMedNeg,FALSE,PubMedNeg,TRUE,PMID: 15006983,FALSE,PubMedNeg,FALSE,PMID: 15006983,FALSE,PubMedNeg,FALSE,PubMedNeg,FALSE,PubMedNeg,FALSE,PubMedNeg,FALSE,PubMedNeg,FALSE,PubMedNeg,FALSE,PubMedNeg
Homo sapiens,Human,Phenuiviridae,Phlebovirus,Severe fever with thrombocytopenia syndrome virus,V,C,RNA,TRUE,FALSE,FALSE,FALSE,TRUE,FALSE,PubMedNeg,TRUE,PMID: 24907187,TRUE,PMID: 30565531,FALSE,PubMedNeg,FALSE,PubMedNeg,FALSE,PubMedNeg,FALSE,PubMedNeg,FALSE,PubMedNeg,FALSE,PubMedNeg,FALSE,PubMedNeg,TRUE,PMID: 30677496,FALSE,PubMedNeg
Homo sapiens,Human,Hantaviridae,Orthohantavirus,Sin Nombre orthohantavirus,V,A,RNA,TRUE,FALSE,FALSE,FALSE,TRUE,FALSE,PubMedNeg,FALSE,PubMedNeg,TRUE,PMID: 12587657,TRUE,PMID: 12587657,FALSE,PubMedNeg,FALSE,PubMedNeg,TRUE,PMID: 20113567,FALSE,PubMedNeg,FALSE,PubMedNeg,FALSE,PubMedNeg,FALSE,PubMedNeg,FALSE,PubMedNeg
Homo sapiens,Human,Poxviridae,Orthopoxvirus,Smallpox virus,I,A,DNA,FALSE,FALSE,FALSE,TRUE,TRUE,FALSE,PubMedNeg,FALSE,PubMedNeg,TRUE,https://www.cdc.gov/smallpox/clinicians/transmission.html,FALSE,PubMedNeg,FALSE,PubMedNeg,FALSE,PubMedNeg,FALSE,PubMedNeg,FALSE,PubMedNeg,TRUE,PMID: 4331837,FALSE,PubMedNeg,FALSE,PubMedNeg,TRUE,https://www.cdc.gov/smallpox/clinicians/transmission.html
Homo sapiens,Human,Flaviviridae,Flavivirus,St. Louis encephalitis virus,IV,B,RNA,TRUE,FALSE,FALSE,FALSE,TRUE,FALSE,PubMedNeg,TRUE,PMID: 21629729,FALSE,PubMedNeg,FALSE,PubMedNeg,FALSE,PubMedNeg,FALSE,PubMedNeg,FALSE,PubMedNeg,FALSE,PubMedNeg,FALSE,PubMedNeg,FALSE,PubMedNeg,FALSE,PubMedNeg,FALSE,PubMedNeg
Homo sapiens,Human,Orthomyxoviridae,Thogotovirus,Thogotovirus,V,,RNA,FALSE,FALSE,FALSE,TRUE,TRUE,FALSE,PubMedNeg,TRUE,PMID: 25957096,FALSE,PubMedNeg,FALSE,PubMedNeg,FALSE,PubMedNeg,FALSE,PubMedNeg,FALSE,PubMedNeg,FALSE,PubMedNeg,FALSE,PubMedNeg,FALSE,PubMedNeg,FALSE,PubMedNeg,FALSE,PubMedNeg
Homo sapiens,Human,Flaviviridae,Flavivirus,Tickborne encephalitis virus,IV,C,RNA,TRUE,FALSE,FALSE,FALSE,TRUE,FALSE,PubMedNeg,TRUE,PMID: 24907187,FALSE,PubMedNeg,FALSE,PubMedNeg,FALSE,PubMedNeg,FALSE,PubMedNeg,FALSE,PubMedNeg,FALSE,PubMedNeg,FALSE,PubMedNeg,FALSE,PubMedNeg,FALSE,PubMedNeg,FALSE,PubMedNeg
Homo sapiens,Human,Poxviridae,Orthopoxvirus,Vaccinia,I,,DNA,FALSE,FALSE,FALSE,TRUE,TRUE,FALSE,PubMedNeg,FALSE,PubMedNeg,FALSE,PubMedNeg,FALSE,PubMedNeg,TRUE,PMID: 23446513,FALSE,PubMedNeg,FALSE,PubMedNeg,FALSE,PubMedNeg,TRUE,PMID: 12991732,FALSE,PubMedNeg,FALSE,PubMedNeg,TRUE,PMID: 12377090
Homo sapiens,Human,Togaviridae,Alphavirus,Venezuelan equine encephalitis virus,IV,B,RNA,TRUE,FALSE,FALSE,FALSE,TRUE,FALSE,PubMedNeg,TRUE,PMID: 24427764,FALSE,PubMedNeg,FALSE,PubMedNeg,FALSE,PubMedNeg,FALSE,PubMedNeg,FALSE,PubMedNeg,FALSE,PubMedNeg,FALSE,PubMedNeg,FALSE,PubMedNeg,FALSE,PubMedNeg,FALSE,PubMedNeg
Homo sapiens,Human,Rhabdoviridae,Vesiculovirus,Vesicular stomatitis virus,V,,RNA,FALSE,TRUE,FALSE,FALSE,TRUE,FALSE,PubMedNeg,TRUE,PMID: 30544935 ,FALSE,PubMedNeg,FALSE,PubMedNeg,FALSE,PubMedNeg,FALSE,PubMedNeg,FALSE,PubMedNeg,FALSE,PubMedNeg,FALSE,PubMedNeg,FALSE,PubMedNeg,FALSE,PubMedNeg,TRUE,PMID: 3028192
Homo sapiens,Human,Flaviviridae,Flavivirus,Wesselsbron virus,IV,,RNA,TRUE,FALSE,FALSE,FALSE,TRUE,FALSE,PubMedNeg,TRUE,PMID: 1964039,FALSE,PubMedNeg,FALSE,PubMedNeg,FALSE,PubMedNeg,FALSE,PubMedNeg,FALSE,PubMedNeg,FALSE,PubMedNeg,FALSE,PubMedNeg,FALSE,PubMedNeg,FALSE,PubMedNeg,FALSE,PubMedNeg
Homo sapiens,Human,Flaviviridae,Flavivirus,West Nile virus,IV,B,RNA,TRUE,FALSE,FALSE,FALSE,TRUE,FALSE,PubMedNeg,TRUE,PMID: 30444971,FALSE,PubMedNeg,FALSE,PubMedNeg,FALSE,PubMedNeg,FALSE,PubMedNeg,FALSE,PubMedNeg,FALSE,PubMedNeg,FALSE,PMID: 16510632,FALSE,PubMedNeg,TRUE,PMID: 22544764,FALSE,PubMedNeg
Homo sapiens,Human,Togaviridae,Alphavirus,Western equine encephalitis virus,IV,B,RNA,TRUE,FALSE,FALSE,FALSE,TRUE,FALSE,PubMedNeg,TRUE,PMID: 24427764,FALSE,PubMedNeg,FALSE,PubMedNeg,FALSE,PubMedNeg,FALSE,PubMedNeg,FALSE,PubMedNeg,FALSE,PubMedNeg,FALSE,PubMedNeg,FALSE,PubMedNeg,FALSE,PubMedNeg,FALSE,PubMedNeg
Homo sapiens,Human,Flaviviridae,Flavivirus,Yellow fever virus,IV,B,RNA,TRUE,FALSE,FALSE,FALSE,TRUE,FALSE,PubMedNeg,TRUE,PMID: 30444971,FALSE,PubMedNeg,FALSE,PubMedNeg,FALSE,PubMedNeg,FALSE,PubMedNeg,FALSE,PubMedNeg,TRUE,PMID: 29882971,FALSE,PubMedNeg,FALSE,PubMedNeg,TRUE,PMID:20094025,FALSE,PubMedNeg
Homo sapiens,Human,Flaviviridae,Flavivirus,Zika virus,IV,B,RNA,TRUE,FALSE,FALSE,FALSE,TRUE,FALSE,PubMedNeg,TRUE,PMID: 30444971,FALSE,PubMedNeg,FALSE,PubMedNeg,TRUE,PMID: 28656018,FALSE,PubMedNeg,FALSE,PubMedNeg,FALSE,PMID: 30809448,TRUE,PMID: 28402153,FALSE,PubMedNeg,TRUE,PMID: 27078190,FALSE,PubMedNeg
Sus scrofa,Pig,Asfarviridae,Asfivirus,African swine fever virus,I,,DNA,TRUE,FALSE,FALSE,TRUE,TRUE,TRUE,PMID: 26104842,TRUE,PMID: 19967933,TRUE,PMID: 29102127,FALSE,PubMedNeg,FALSE,PubMedNeg,FALSE,PubMedNeg,FALSE,PubMedNeg,FALSE,PubMedNeg,FALSE,PubMedNeg,FALSE,PubMedNeg,FALSE,PubMedNeg,TRUE,PMID: 29102127
Sus scrofa,Pig,Arteriviridae,Betaarterivirus,Betaarterivirus suid 1,IV,,RNA,TRUE,FALSE,FALSE,FALSE,TRUE,FALSE,PubMedNeg,FALSE,PubMedNeg,TRUE,PMID: 27793195,FALSE,PubMedNeg,FALSE,PubMedNeg,FALSE,PubMedNeg,FALSE,PubMedNeg,FALSE,PubMedNeg,FALSE,PubMedNeg,FALSE,PubMedNeg,FALSE,PubMedNeg,FALSE,PubMedNeg
Sus scrofa,Pig,Flaviviridae,Pestivirus,Classical swine fever virus/Hog cholera,IV,,RNA,TRUE,FALSE,FALSE,FALSE,TRUE,FALSE,PubMedNeg,TRUE,PMID:237444,TRUE,PMID: 28430168,FALSE,PubMedNeg,FALSE,PubMedNeg,TRUE,PMID: 28430168,FALSE,PUbMedNeg,FALSE,PUbMedNeg,FALSE,PubMedNeg,FALSE,PubMedNeg,FALSE,PUbMedNeg,TRUE,PMID: 28430168
Sus scrofa,Pig,Togaviridae,Alphavirus,Eastern equine encephalitis virus,IV,,RNA,TRUE,FALSE,FALSE,FALSE,TRUE,FALSE,PubMedNeg,TRUE,PMID: 10548292,FALSE,PubMedNeg,FALSE,PubMedNeg,FALSE,PubMedNeg,FALSE,PubMedNeg,FALSE,PubMedNeg,FALSE,PubMedNeg,FALSE,PubMedNeg,FALSE,PubMedNeg,FALSE,PubMedNeg,FALSE,PubMedNeg
Sus scrofa,Pig,Picornaviridae,Cardiovirus,Encephalomyocarditis virus,IV,,RNA,TRUE,FALSE,FALSE,FALSE,FALSE,FALSE,PubMedNeg,FALSE,PubMedNeg,FALSE,PubMedNeg,FALSE,PubMedNeg,FALSE,PubMedNeg,TRUE,Merck Veterinary Manual,FALSE,PubMedNeg,FALSE,PubMedNeg,FALSE,PubMedNeg,FALSE,PubMedNeg,FALSE,PubMedNeg,FALSE,PubMedNeg
Sus scrofa,Pig,Picornaviridae,Aphthovirus,Foot and mouth disease virus,IV,,RNA,TRUE,FALSE,FALSE,FALSE,FALSE,TRUE,PMID: 29959244,FALSE,PubMedNeg,TRUE,PMID: 12002549,FALSE,PubMedNeg,FALSE,PubMedNeg,TRUE,Merck Veterinary Manual,FALSE,PubMedNeg,FALSE,PubMedNeg,FALSE,PubMedNeg,FALSE,PubMedNeg,FALSE,PubMedNeg,TRUE,Merck Veterinary Manual
Sus scrofa,Pig,Orthomyxoviridae,Gammainfluenzavirus,Influenza C virus,V,,RNA,FALSE,FALSE,FALSE,TRUE,TRUE,FALSE,PubMedNeg,FALSE,PubMedNeg,TRUE,https://www.swinehealth.org/wp-content/uploads/2016/03/Influenza-virus-C-IVC-and-influenza-virus-D-IVD.pdf,FALSE,PubMedNeg,FALSE,PubMedNeg,FALSE,PubMedNeg,FALSE,PubMedNeg,FALSE,PubMedNeg,FALSE,PubMedNeg,FALSE,PubMedNeg,FALSE,PubMedNeg,FALSE,PubMedNeg
Sus scrofa,Pig,Flaviviridae,Flavivirus,Japanese encephalitis virus,IV,,RNA,TRUE,FALSE,FALSE,FALSE,TRUE,FALSE,PubMedNeg,TRUE,PMID: 9439119,FALSE,PubMedNeg,FALSE,PubMedNeg,FALSE,PubMedNeg,FALSE,PubMedNeg,FALSE,PubMedNeg,FALSE,PubMedNeg,FALSE,PubMedNeg,FALSE,PubMedNeg,FALSE,PubMedNeg,FALSE,PubMedNeg
Sus scrofa,Pig,Flaviviridae,Flavivirus,Louping ill virus,IV,,RNA,TRUE,FALSE,FALSE,FALSE,TRUE,FALSE,PubMedNeg,TRUE,PMID: 24552787  ,FALSE,PubMedNeg,FALSE,PubMedNeg,FALSE,PubMedNeg,FALSE,PubMedNeg,FALSE,PubMedNeg,FALSE,PubMedNeg,FALSE,PubMedNeg,FALSE,PubMedNeg,FALSE,PubMedNeg,FALSE,PubMedNeg
Sus scrofa,Pig,Arenaviridae,Mammarenavirus,Lymphocytic choriomeningitis mammarenavirus,V,,RNA,TRUE,FALSE,TRUE,TRUE,TRUE,FALSE,PubMedNeg,FALSE,PubMedNeg,TRUE,http://www.cfsph.iastate.edu/Factsheets/pdfs/lymphocytic_choriomeningitis.pdf,FALSE,PubMedNeg,FALSE,PubMedNeg,FALSE,PubMedNeg,FALSE,PubMedNeg,FALSE,PubMedNeg,FALSE,PubMedNeg,FALSE,PubMedNeg,FALSE,PubMedNeg,TRUE,http://www.cfsph.iastate.edu/Factsheets/pdfs/lymphocytic_choriomeningitis.pdf
Sus scrofa,Pig,Hepeviridae,Orthohepevirus,Orthohepevirus A,IV,,RNA,TRUE,FALSE,FALSE,FALSE,FALSE,TRUE,"Fenner, Frank J.; Gibbs, E. Paul J.; Murphy, Frederick A.; Rott, Rudolph; Studdert, Michael J.; White, David O. (1993). Veterinary Virology (2nd ed.). Academic Press, Inc. ISBN 978-0-12-253056-2",FALSE,PubMedNeg,FALSE,PubMedNeg,FALSE,PubMedNeg,FALSE,PubMedNeg,FALSE,PubMedNeg,FALSE,PubMedNeg,FALSE,PubMedNeg,FALSE,PubMedNeg,FALSE,PubMedNeg,FALSE,PubMedNeg,FALSE,PubMedNeg
Sus scrofa,Pig,Astroviridae,Mamastrovirus,Porcine astrovirus,IV,,RNA,TRUE,FALSE,FALSE,FALSE,FALSE,TRUE,https://www.swinehealth.org/wp-content/uploads/2016/03/Porcine-astrovirus-PAstV.pdf,FALSE,PubMedNeg,FALSE,PubMedNeg,FALSE,PubMedNeg,FALSE,PubMedNeg,FALSE,PubMedNeg,FALSE,PubMedNeg,FALSE,PubMedNeg,FALSE,PubMedNeg,FALSE,PubMedNeg,FALSE,PubMedNeg,FALSE,PubMedNeg
Sus scrofa,Pig,Circoviridae,Circovirus,Porcine circovirus,II,,DNA,TRUE,FALSE,FALSE,FALSE,FALSE,FALSE,PubMedNeg,FALSE,PubMedNeg,FALSE,PubMedNeg,FALSE,PubMedNeg,FALSE,PubMedNeg,FALSE,PubMedNeg,FALSE,PubMedNeg,FALSE,PubMedNeg,TRUE,PMID: 28244338,FALSE,PubMedNeg,FALSE,PubMedNeg,TRUE,Merck Veterinary Manual
Sus scrofa,Pig,Coronaviridae,Deltacoronavirus,Porcine deltacoronavirus,IV,,RNA,TRUE,FALSE,FALSE,FALSE,TRUE,TRUE,PMID:27270129,FALSE,PubMedNeg,TRUE,PMID:27578872,FALSE,PubMedNeg,FALSE,PubMedNeg,TRUE,PMID:27270129,FALSE,PubMedNeg,FALSE,PubMedNeg,FALSE,PubMedNeg,FALSE,PubMedNeg,FALSE,PubMedNeg,FALSE,PubMedNeg
Sus scrofa,Pig,Retroviridae,Gammaretrovirus,Porcine endogenous retrovirus,VI,,RNA,TRUE,FALSE,FALSE,FALSE,TRUE,FALSE,PubMedNeg,FALSE,PubMedNeg,FALSE,PubMedNeg,FALSE,PubMedNeg,FALSE,PubMedNeg,FALSE,PubMedNeg,FALSE,PubMedNeg,FALSE,PubMedNeg,FALSE,PubMedNeg,TRUE,PMID: 23897566,FALSE,PubMedNeg,FALSE,PubMedNeg
Sus scrofa,Pig,Caliciviridae,Vesivirus,Porcine enteric calicivirus,IV,,RNA,TRUE,FALSE,FALSE,FALSE,FALSE,TRUE,PMID: 11533186,FALSE,PubMedNeg,FALSE,PubMedNeg,FALSE,PubMedNeg,FALSE,PubMedNeg,FALSE,PubMedNeg,FALSE,PubMedNeg,FALSE,PubMedNeg,FALSE,PubMedNeg,FALSE,PubMedNeg,FALSE,PubMedNeg,FALSE,PubMedNeg
Sus scrofa,Pig,Picornaviridae,Enterovirus,Porcine enterovirus,IV,,RNA,TRUE,FALSE,FALSE,FALSE,FALSE,TRUE,PMID: 27599927,FALSE,PubMedNeg,FALSE,PubMedNeg,FALSE,PubMedNeg,FALSE,PubMedNeg,FALSE,PubMedNeg,FALSE,PubMedNeg,FALSE,PubMedNeg,FALSE,PubMedNeg,FALSE,PubMedNeg,FALSE,PubMedNeg,FALSE,PubMedNeg
Sus scrofa,Pig,Coronaviridae,Alphacoronavirus,Porcine epidemic diarrhea virus,IV,,RNA,TRUE,FALSE,FALSE,FALSE,TRUE,TRUE,PMID:26689811,FALSE,PubMedNeg,FALSE,PubMedNeg,FALSE,PubMedNeg,FALSE,PubMedNeg,TRUE,PMID:26689811,FALSE,PubMedNeg,FALSE,PubMedNeg,FALSE,PubMedNeg,FALSE,PubMedNeg,FALSE,PubMedNeg,FALSE,PubMedNeg
Sus scrofa,Pig,Adenoviridae,Mastadenovirus,Porcine mastadenovirus A,I,,DNA,TRUE,FALSE,FALSE,FALSE,FALSE,TRUE,http://www.cfsph.iastate.edu/pdf/shic-factsheet-porcine-adenovirus,FALSE,PubMedNeg,FALSE,PubMedNeg,TRUE,http://www.cfsph.iastate.edu/pdf/shic-factsheet-porcine-adenovirus,FALSE,PubMedNeg,FALSE,PubMedNeg,FALSE,PubMedNeg,FALSE,PubMedNeg,FALSE,PubMedNeg,FALSE,PubMedNeg,FALSE,PubMedNeg,FALSE,PubMedNeg
Sus scrofa,Pig,Adenoviridae,Mastadenovirus,Porcine mastadenovirus B,I,,DNA,TRUE,FALSE,FALSE,FALSE,FALSE,TRUE,http://www.cfsph.iastate.edu/pdf/shic-factsheet-porcine-adenovirus,FALSE,PubMedNeg,FALSE,PubMedNeg,TRUE,http://www.cfsph.iastate.edu/pdf/shic-factsheet-porcine-adenovirus,FALSE,PubMedNeg,FALSE,PubMedNeg,FALSE,PubMedNeg,FALSE,PubMedNeg,FALSE,PubMedNeg,FALSE,PubMedNeg,FALSE,PubMedNeg,FALSE,PubMedNeg
Sus scrofa,Pig,Adenoviridae,Mastadenovirus,Porcine mastadenovirus C,I,,DNA,TRUE,FALSE,FALSE,FALSE,FALSE,TRUE,http://www.cfsph.iastate.edu/pdf/shic-factsheet-porcine-adenovirus,FALSE,PubMedNeg,FALSE,PubMedNeg,TRUE,http://www.cfsph.iastate.edu/pdf/shic-factsheet-porcine-adenovirus,FALSE,PubMedNeg,FALSE,PubMedNeg,FALSE,PubMedNeg,FALSE,PubMedNeg,FALSE,PubMedNeg,FALSE,PubMedNeg,FALSE,PubMedNeg,FALSE,PubMedNeg
Sus scrofa,Pig,Parvoviridae,Protoparvovirus,Porcine parvovirus,II,,DNA,TRUE,FALSE,FALSE,FALSE,FALSE,FALSE,PMID: 6098202,FALSE,PubMedNeg,TRUE,PMID: 6098202,FALSE,PubMedNeg,FALSE,PubMedNeg,FALSE,PubMedNeg,FALSE,PubMedNeg,FALSE,PubMedNeg,TRUE,PMIDÿ1645596,FALSE,PubMedNeg,FALSE,PubMedNeg,FALSE,PubMedNeg
Sus scrofa,Pig,Herpesviridae,Varicellovirus,Pseudorabies virus/Suid herpesvirus 1,I,,DNA,TRUE,FALSE,FALSE,FALSE,TRUE,FALSE,PubMedNeg,FALSE,PubMedNeg,TRUE,PMID: 8735512,FALSE,PubMedNeg,TRUE,"PMID: 21962753, 27599927",FALSE,PubMedNeg,FALSE,PubMedNeg,FALSE,PubMedNeg,TRUE,PMID: 27599927,FALSE,PubMedNeg,FALSE,PubMedNeg,TRUE,PMID: 27599927
Sus scrofa,Pig,Rhabdoviridae,Lyssavirus,Rabies virus,V,,RNA,FALSE,TRUE,FALSE,FALSE,TRUE,FALSE,PubMedNeg,FALSE,PubMedNeg,FALSE,PubMedNeg,FALSE,PubMedNeg,FALSE,PubMedNeg,FALSE,PubMedNeg,TRUE,PMID: 17559696,FALSE,PubMedNeg,FALSE,PubMedNeg,FALSE,PubMedNeg,FALSE,PubMedNeg,FALSE,PubMedNeg
Sus scrofa,Pig,Paramyxoviridae,Morbillivirus,Rinderpest morbillivirus,V,,RNA,TRUE,FALSE,TRUE,TRUE,TRUE,FALSE,PubMedNeg,FALSE,PubMedNeg,TRUE,"Fenner, Frank J.; Gibbs, E. Paul J.; Murphy, Frederick A.; Rott, Rudolph; Studdert, Michael J.; White, David O. (1993). Veterinary Virology (2nd ed.). Academic Press, Inc. ISBN 978-0-12-253056-2",FALSE,PubMedNeg,FALSE,PubMedNeg,FALSE,PubMedNeg,FALSE,PubMedNeg,FALSE,PubMedNeg,FALSE,PubMedNeg,FALSE,PubMedNeg,FALSE,PubMedNeg,TRUE,"Fenner, Frank J.; Gibbs, E. Paul J.; Murphy, Frederick A.; Rott, Rudolph; Studdert, Michael J.; White, David O. (1993). Veterinary Virology (2nd ed.). Academic Press, Inc. ISBN 978-0-12-253056-2"
Sus scrofa,Pig,Reoviridae,Rotavirus,Rotavirus,III,,RNA,TRUE,FALSE,FALSE,FALSE,FALSE,TRUE,PMID: 30552559,FALSE,PubMedNeg,FALSE,PubMedNeg,FALSE,PubMedNeg,FALSE,PubMedNeg,FALSE,PubMedNeg,FALSE,PubMedNeg,FALSE,PubMedNeg,FALSE,PubMedNeg,FALSE,PubMedNeg,FALSE,PubMedNeg,FALSE,PubMedNeg
Sus scrofa,Pig,Orthomyxoviridae,Alphainfluenzavirus,Swine influenza A,V,,RNA,FALSE,FALSE,FALSE,TRUE,TRUE,TRUE,PMID: 9413531,FALSE,PubMedNeg,TRUE,Merck Veterinary Manual,FALSE,PubMedNeg,FALSE,PubMedNeg,FALSE,PubMedNeg,FALSE,PubMedNeg,FALSE,PubMedNeg,FALSE,PubMedNeg,FALSE,PubMedNeg,FALSE,PubMedNeg,FALSE,PubMedNeg
Sus scrofa,Pig,Picornaviridae,Enterovirus,Swine vesicular disease virus,IV,,RNA,TRUE,FALSE,FALSE,FALSE,FALSE,TRUE,"Fenner, Frank J.; Gibbs, E. Paul J.; Murphy, Frederick A.; Rott, Rudolph; Studdert, Michael J.; White, David O. (1993). Veterinary Virology (2nd ed.). Academic Press, Inc. ISBN 978-0-12-253056-2",FALSE,PubMedNeg,FALSE,PubMedNeg,FALSE,PubMedNeg,FALSE,PubMedNeg,TRUE,"Fenner, Frank J.; Gibbs, E. Paul J.; Murphy, Frederick A.; Rott, Rudolph; Studdert, Michael J.; White, David O. (1993). Veterinary Virology (2nd ed.). Academic Press, Inc. ISBN 978-0-12-253056-2",FALSE,PubMedNeg,FALSE,PubMedNeg,FALSE,PubMedNeg,FALSE,PubMedNeg,FALSE,PubMedNeg,TRUE,"Fenner, Frank J.; Gibbs, E. Paul J.; Murphy, Frederick A.; Rott, Rudolph; Studdert, Michael J.; White, David O. (1993). Veterinary Virology (2nd ed.). Academic Press, Inc. ISBN 978-0-12-253056-2"
Sus scrofa,Pig,Poxviridae,Suipoxvirus,Swinepox,I,,DNA,FALSE,FALSE,FALSE,TRUE,TRUE,FALSE,PubMedNeg,TRUE,"Fenner, Frank J.; Gibbs, E. Paul J.; Murphy, Frederick A.; Rott, Rudolph; Studdert, Michael J.; White, David O. (1993). Veterinary Virology (2nd ed.). Academic Press, Inc. ISBN 978-0-12-253056-2",FALSE,PubMedNeg,FALSE,PubMedNeg,FALSE,PubMedNeg,FALSE,PubMedNeg,FALSE,PubMedNeg,FALSE,PubMedNeg,TRUE,PMID: 18500151,FALSE,PubMedNeg,FALSE,PubMedNeg,FALSE,PubMedNeg
Sus scrofa,Pig,Caliciviridae,Vesivirus,Vesicular exanthema of swine virus,IV,,RNA,TRUE,FALSE,FALSE,FALSE,FALSE,FALSE,PubMedNeg,FALSE,PubMedNeg,FALSE,PubMedNeg,FALSE,PubMedNeg,FALSE,PubMedNeg,TRUE,"Fenner, Frank J.; Gibbs, E. Paul J.; Murphy, Frederick A.; Rott, Rudolph; Studdert, Michael J.; White, David O. (1993). Veterinary Virology (2nd ed.). Academic Press, Inc. ISBN 978-0-12-253056-2",FALSE,PubMedNeg,FALSE,PubMedNeg,FALSE,PubMedNeg,FALSE,PubMedNeg,FALSE,PubMedNeg,TRUE,"Fenner, Frank J.; Gibbs, E. Paul J.; Murphy, Frederick A.; Rott, Rudolph; Studdert, Michael J.; White, David O. (1993). Veterinary Virology (2nd ed.). Academic Press, Inc. ISBN 978-0-12-253056-2"
Sus scrofa,Pig,Rhabdoviridae,Vesiculovirus,Vesicular stomatitis virus,V,,RNA,FALSE,TRUE,FALSE,FALSE,TRUE,FALSE,PubMedNeg,TRUE,PMID: 23034141,FALSE,PubMedNeg,FALSE,PubMedNeg,FALSE,PubMedNeg,FALSE,PubMedNeg,FALSE,PubMedNeg,FALSE,PubMedNeg,FALSE,PubMedNeg,FALSE,PubMedNeg,FALSE,PubMedNeg,FALSE,PubMedNeg
