Host species	Common Name	Virus family	Virus genus	Virus name	Family in Tree	Genus	Species In Tree	Baltimore classification	Category	NucAcid	Spherical	Filamentous	Pleomorphic	Bullet-form	Lipid Envelope	Fecal-Oral	Arbovirus	Inhalation-Aerosols	Inhalation-Dust	Sexual	Eating	Oral-Bloodstream	Breastfeeding	Maternal-Fetal	Germ line	Blood Products	Contact Skin or Eye	mosquito	tick	sand fly	Zoonotic	Flea	midge	Horsefly/deerfly	pig louse	Reference	unclear_transmission	Comments
Bos taurus	Cow	Adenoviridae	Mastadenovirus	Bovine mastadenovirus A	1	1	1	I		DNA	TRUE	FALSE	FALSE	FALSE	FALSE	TRUE	FALSE	TRUE	FALSE	FALSE	FALSE	FALSE	FALSE	FALSE	FALSE	FALSE	FALSE	FALSE	FALSE	FALSE	FALSE	FALSE	FALSE	FALSE	FALSE		TRUE	Transmission mechanism unclear
Bos taurus	Cow	Astroviridae	Mamastrovirus	Bovine astrovirus	1	1	0	IV		RNA	TRUE	FALSE	FALSE	FALSE	FALSE	TRUE	FALSE	FALSE	FALSE	FALSE	FALSE	FALSE	FALSE	FALSE	FALSE	FALSE	FALSE	FALSE	FALSE	FALSE	FALSE	FALSE	FALSE	FALSE	FALSE		FALSE	
Bos taurus	Cow	Caliciviridae	Vesivirus	Vesicular exanthema of swine virus	1	1	1	IV		RNA	TRUE	FALSE	FALSE	FALSE	FALSE	FALSE	FALSE	FALSE	FALSE	FALSE	TRUE	FALSE	FALSE	FALSE	FALSE	FALSE	TRUE	FALSE	FALSE	FALSE	FALSE	FALSE	FALSE	FALSE	FALSE		FALSE	
Bos taurus	Cow	Caliciviridae	Nebovirus	Bovine enteric calicivirus	1	1	0	IV		RNA	TRUE	FALSE	FALSE	FALSE	FALSE	FALSE	FALSE	FALSE	FALSE	FALSE	FALSE	FALSE	FALSE	FALSE	FALSE	FALSE	FALSE	FALSE	FALSE	FALSE	FALSE	FALSE	FALSE	FALSE	FALSE		TRUE	Transmission mechanism unclear
Bos taurus	Cow	Coronaviridae	Alphacoronavirus	Bovine corona virus	1	1	0	IV		RNA	TRUE	FALSE	FALSE	FALSE	TRUE	FALSE	FALSE	FALSE	FALSE	FALSE	FALSE	FALSE	FALSE	FALSE	FALSE	FALSE	FALSE	FALSE	FALSE	FALSE	FALSE	FALSE	FALSE	FALSE	FALSE	PMID: 27296861	TRUE	Transmission mechanism unclear
Bos taurus	Cow	Flaviviridae	Flavivirus	Louping ill virus	1	1	1	IV		RNA	TRUE	FALSE	FALSE	FALSE	TRUE	FALSE	TRUE	FALSE	FALSE	FALSE	FALSE	FALSE	FALSE	FALSE	FALSE	FALSE	FALSE	FALSE	TRUE	FALSE	FALSE	FALSE	FALSE	FALSE	FALSE		FALSE	
Bos taurus	Cow	Flaviviridae	Flavivirus	Murray valley encephalitis virus	1	1	1	IV		RNA	TRUE	FALSE	FALSE	FALSE	TRUE	FALSE	TRUE	FALSE	FALSE	FALSE	FALSE	FALSE	FALSE	FALSE	FALSE	FALSE	FALSE	TRUE	FALSE	FALSE	FALSE	FALSE	FALSE	FALSE	FALSE		FALSE	
Bos taurus	Cow	Flaviviridae	Flavivirus	Wesselsbron virus	1	1	1	IV		RNA	TRUE	FALSE	FALSE	FALSE	TRUE	FALSE	TRUE	FALSE	FALSE	FALSE	FALSE	FALSE	FALSE	FALSE	FALSE	FALSE	FALSE	FALSE	TRUE	FALSE	FALSE	FALSE	FALSE	FALSE	FALSE		FALSE	
Bos taurus	Cow	Flaviviridae	Pestivirus	Bovine viral diarrhea virus	1	1	0	IV		RNA	TRUE	FALSE	FALSE	FALSE	TRUE	FALSE	FALSE	FALSE	FALSE	FALSE	FALSE	FALSE	FALSE	TRUE	FALSE	FALSE	TRUE	FALSE	FALSE	FALSE	FALSE	FALSE	FALSE	FALSE	FALSE		FALSE	
Bos taurus	Cow	Flaviviridae	Flavivirus	Tickborne encephalitis virus	1	1	0	IV		RNA	TRUE	FALSE	FALSE	FALSE	TRUE	FALSE	TRUE	FALSE	FALSE	FALSE	FALSE	FALSE	FALSE	FALSE	FALSE	FALSE	FALSE	FALSE	TRUE	FALSE	FALSE	FALSE	FALSE	FALSE	FALSE		FALSE	
Bos taurus	Cow	Hepeviridae	Orthohepevirus	Orthohepevirus	1	1	0	IV		RNA	TRUE	FALSE	FALSE	FALSE	FALSE	TRUE	FALSE	FALSE	FALSE	FALSE	FALSE	FALSE	FALSE	FALSE	FALSE	FALSE	FALSE	FALSE	FALSE	FALSE	FALSE	FALSE	FALSE	FALSE	FALSE		FALSE	
Bos taurus	Cow	Herpesviridae	Macavirus	Alcelaphine herpesvirus 1	1	1	0	I		DNA	TRUE	FALSE	FALSE	FALSE	TRUE	FALSE	FALSE	FALSE	FALSE	FALSE	FALSE	FALSE	FALSE	FALSE	FALSE	FALSE	TRUE	FALSE	FALSE	FALSE	FALSE	FALSE	FALSE	FALSE	FALSE		FALSE	
Bos taurus	Cow	Herpesviridae	Varicellovirus	Bovine herpesvirus 1	1	1	0	I		DNA	TRUE	FALSE	FALSE	FALSE	TRUE	FALSE	FALSE	TRUE	FALSE	TRUE	FALSE	FALSE	FALSE	TRUE	FALSE	FALSE	FALSE	FALSE	FALSE	FALSE	FALSE	FALSE	FALSE	FALSE	FALSE		FALSE	
Bos taurus	Cow	Herpesviridae	Simplexvirus	Bovine herpesvirus 2	1	1	0	I		DNA	TRUE	FALSE	FALSE	FALSE	TRUE	FALSE	FALSE	TRUE	FALSE	FALSE	FALSE	FALSE	FALSE	FALSE	FALSE	FALSE	FALSE	FALSE	FALSE	FALSE	FALSE	FALSE	FALSE	FALSE	FALSE		FALSE	
Bos taurus	Cow	Herpesviridae	Varicellovirus	Bovine herpesvirus 3	1	1	0	I		DNA	TRUE	FALSE	FALSE	FALSE	TRUE	FALSE	FALSE	FALSE	FALSE	FALSE	FALSE	FALSE	FALSE	FALSE	FALSE	FALSE	FALSE	FALSE	FALSE	FALSE	FALSE	FALSE	FALSE	FALSE	FALSE		TRUE	Transmission mechanism unclear
Bos taurus	Cow	Herpesviridae	Varicellovirus	Pseudorabies virus/Suid herpesvirus 1	1	1	0	I		DNA	TRUE	FALSE	FALSE	FALSE	TRUE	FALSE	FALSE	TRUE	FALSE	TRUE	FALSE	FALSE	FALSE	FALSE	FALSE	FALSE	FALSE	FALSE	FALSE	FALSE	FALSE	FALSE	FALSE	FALSE	FALSE		FALSE	
Bos taurus	Cow	Nairoviridae	Orthonairovirus	Crimean-Congo hemorrhagic fever orthonairovirus	1	1	1	V		RNA	TRUE	FALSE	FALSE	FALSE	TRUE	FALSE	TRUE	FALSE	FALSE	FALSE	FALSE	FALSE	FALSE	FALSE	FALSE	FALSE	FALSE	FALSE	TRUE	FALSE	FALSE	FALSE	FALSE	FALSE	FALSE		FALSE	
Bos taurus	Cow	Orthomyxoviridae	Thogotovirus	Thogotovirus	1	1	0	V		RNA	FALSE	FALSE	FALSE	TRUE	TRUE	FALSE	TRUE	FALSE	FALSE	FALSE	FALSE	FALSE	FALSE	FALSE	FALSE	FALSE	FALSE	TRUE	TRUE	FALSE	FALSE	FALSE	FALSE	FALSE	FALSE		FALSE	
Bos taurus	Cow	Papillomaviridae	Xipapillomavirus	Xipapillomavirus 1	1	1	1	I		DNA	TRUE	FALSE	FALSE	FALSE	FALSE	FALSE	FALSE	FALSE	FALSE	FALSE	FALSE	FALSE	FALSE	FALSE	FALSE	TRUE	TRUE	FALSE	FALSE	FALSE	FALSE	FALSE	FALSE	FALSE	FALSE		FALSE	
Bos taurus	Cow	Paramyxoviridae	Morbillivirus	Rinderpest morbillivirus	1	1	1	V		RNA	TRUE	FALSE	TRUE	TRUE	TRUE	FALSE	FALSE	TRUE	FALSE	FALSE	FALSE	FALSE	FALSE	FALSE	FALSE	FALSE	TRUE	FALSE	FALSE	FALSE	FALSE	FALSE	FALSE	FALSE	FALSE		FALSE	
Bos taurus	Cow	Paramyxoviridae	Respirovirus	Bovine parainfluenza virus	1	1	0	V		RNA	TRUE	FALSE	TRUE	TRUE	TRUE	FALSE	FALSE	TRUE	FALSE	FALSE	FALSE	FALSE	FALSE	FALSE	FALSE	FALSE	FALSE	FALSE	FALSE	FALSE	FALSE	FALSE	FALSE	FALSE	FALSE		FALSE	
Bos taurus	Cow	Pneumoviridae	Orthopneumovirus	Bovine orthopneumovirus	1	1	1	V		RNA	TRUE	FALSE	TRUE	TRUE	TRUE	FALSE	FALSE	TRUE	FALSE	FALSE	FALSE	FALSE	FALSE	FALSE	FALSE	FALSE	FALSE	FALSE	FALSE	FALSE	FALSE	FALSE	FALSE	FALSE	FALSE		FALSE	
Bos taurus	Cow	Parvoviridae	Bocaparvovirus	Bovine parvovirus	1	1	0	II		DNA	TRUE	FALSE	FALSE	FALSE	FALSE	TRUE	FALSE	FALSE	FALSE	FALSE	FALSE	FALSE	FALSE	TRUE	FALSE	FALSE	FALSE	FALSE	FALSE	FALSE	FALSE	FALSE	FALSE	FALSE	FALSE		FALSE	
Bos taurus	Cow	Peribunyaviridae	Orthobunyavirus	Cache Valley virus	1	1	0	V		RNA	TRUE	FALSE	FALSE	FALSE	TRUE	FALSE	TRUE	FALSE	FALSE	FALSE	FALSE	FALSE	FALSE	FALSE	FALSE	FALSE	FALSE	TRUE	FALSE	FALSE	FALSE	FALSE	FALSE	FALSE	FALSE		FALSE	
Bos taurus	Cow	Peribunyaviridae	Orthobunyavirus	Akabane orthobunyavirus	1	1	1	V		RNA	TRUE	FALSE	FALSE	FALSE	TRUE	FALSE	TRUE	FALSE	FALSE	FALSE	FALSE	FALSE	FALSE	FALSE	FALSE	FALSE	FALSE	FALSE	FALSE	FALSE	FALSE	FALSE	TRUE	FALSE	FALSE		FALSE	
Bos taurus	Cow	Phenuiviridae	Phlebovirus	Rift Valley fever phlebovirus	1	1	1	V		RNA	TRUE	FALSE	FALSE	FALSE	TRUE	FALSE	TRUE	TRUE	FALSE	FALSE	FALSE	FALSE	FALSE	FALSE	FALSE	FALSE	TRUE	TRUE	FALSE	FALSE	FALSE	FALSE	FALSE	FALSE	FALSE		FALSE	
Bos taurus	Cow	Picornaviridae	Senecavirus	Seneca Valley virus	1	1	0	IV		RNA	TRUE	FALSE	FALSE	FALSE	FALSE	FALSE	FALSE	FALSE	FALSE	FALSE	FALSE	FALSE	FALSE	FALSE	FALSE	FALSE	FALSE	FALSE	FALSE	FALSE	FALSE	FALSE	FALSE	FALSE	FALSE		TRUE	Transmission mechanism unclear
Bos taurus	Cow	Picornaviridae	Enterovirus	Bovine enteroviruses	1	1	0	IV		RNA	TRUE	FALSE	FALSE	FALSE	FALSE	TRUE	FALSE	TRUE	FALSE	FALSE	FALSE	FALSE	FALSE	FALSE	FALSE	FALSE	FALSE	FALSE	FALSE	FALSE	FALSE	FALSE	FALSE	FALSE	FALSE		FALSE	
Bos taurus	Cow	Picornaviridae	Aphthovirus	Bovine rhinoviruses	1	1	0	IV		RNA	TRUE	FALSE	FALSE	FALSE	FALSE	FALSE	FALSE	TRUE	FALSE	FALSE	FALSE	FALSE	FALSE	FALSE	FALSE	FALSE	FALSE	FALSE	FALSE	FALSE	FALSE	FALSE	FALSE	FALSE	FALSE		FALSE	
Bos taurus	Cow	Picornaviridae	Aphthovirus	Foot and mouth disease virus	1	1	0	IV		RNA	TRUE	FALSE	FALSE	FALSE	FALSE	FALSE	FALSE	TRUE	FALSE	FALSE	TRUE	FALSE	FALSE	FALSE	FALSE	FALSE	TRUE	FALSE	FALSE	FALSE	FALSE	FALSE	FALSE	FALSE	FALSE		FALSE	
Bos taurus	Cow	Poxviridae	Parapoxvirus	Bovine papular stomatitis virus	1	1	1	I		DNA	FALSE	FALSE	FALSE	TRUE	TRUE	FALSE	FALSE	FALSE	FALSE	FALSE	FALSE	FALSE	FALSE	FALSE	FALSE	TRUE	TRUE	FALSE	FALSE	FALSE	FALSE	FALSE	FALSE	FALSE	FALSE		FALSE	
Bos taurus	Cow	Poxviridae	Capripoxvirus	Lumpy skin disease virus	1	1	1	I		DNA	FALSE	FALSE	FALSE	TRUE	TRUE	FALSE	TRUE	FALSE	FALSE	FALSE	FALSE	FALSE	FALSE	FALSE	FALSE	FALSE	FALSE	TRUE	FALSE	FALSE	FALSE	FALSE	FALSE	FALSE	FALSE		FALSE	
Bos taurus	Cow	Poxviridae	Orthopoxvirus	Cowpox	1	1	0	I		DNA	FALSE	FALSE	FALSE	TRUE	TRUE	FALSE	FALSE	FALSE	FALSE	FALSE	FALSE	FALSE	FALSE	FALSE	FALSE	FALSE	FALSE	FALSE	FALSE	FALSE	FALSE	FALSE	FALSE	FALSE	FALSE		TRUE	Transmission mechanism unclear
Bos taurus	Cow	Poxviridae	Parapoxvirus	Parapoxvirus	1	1	0	I		DNA	FALSE	FALSE	FALSE	TRUE	TRUE	FALSE	FALSE	FALSE	FALSE	FALSE	FALSE	FALSE	FALSE	FALSE	FALSE	TRUE	FALSE	FALSE	FALSE	FALSE	FALSE	FALSE	FALSE	FALSE	FALSE		FALSE	
Bos taurus	Cow	Poxviridae	Parapoxvirus	Pseudocowpox	1	1	0	I		DNA	FALSE	FALSE	FALSE	TRUE	TRUE	FALSE	FALSE	FALSE	FALSE	FALSE	FALSE	FALSE	FALSE	FALSE	FALSE	FALSE	TRUE	FALSE	FALSE	FALSE	FALSE	FALSE	FALSE	FALSE	FALSE		FALSE	
Bos taurus	Cow	Poxviridae	Orthopoxvirus	Vaccinia	1	1	0	I		DNA	FALSE	FALSE	FALSE	TRUE	TRUE	FALSE	FALSE	FALSE	FALSE	FALSE	FALSE	FALSE	FALSE	FALSE	FALSE	FALSE	FALSE	FALSE	FALSE	FALSE	FALSE	FALSE	FALSE	FALSE	FALSE		TRUE	Transmission mechanism unclear
Bos taurus	Cow	Reoviridae	Orbivirus	Bluetongue virus	1	1	1	III		RNA	TRUE	FALSE	FALSE	FALSE	FALSE	FALSE	TRUE	FALSE	FALSE	FALSE	FALSE	FALSE	FALSE	FALSE	FALSE	FALSE	FALSE	FALSE	FALSE	FALSE	FALSE	FALSE	TRUE	FALSE	FALSE		FALSE	
Bos taurus	Cow	Reoviridae	Orbivirus	Epizootic hemorrhagic disease viruses	1	1	0	III		RNA	TRUE	FALSE	FALSE	FALSE	FALSE	FALSE	TRUE	FALSE	FALSE	FALSE	FALSE	FALSE	FALSE	FALSE	FALSE	FALSE	FALSE	FALSE	FALSE	FALSE	FALSE	FALSE	TRUE	FALSE	FALSE		FALSE	
Bos taurus	Cow	Retroviridae	Lentivirus	Bovine immunodeficiency virus	1	1	1	VI		RNA	TRUE	FALSE	FALSE	FALSE	TRUE	FALSE	FALSE	FALSE	FALSE	FALSE	FALSE	FALSE	FALSE	FALSE	FALSE	TRUE	TRUE	FALSE	FALSE	FALSE	FALSE	FALSE	FALSE	FALSE	FALSE		FALSE	
Bos taurus	Cow	Retroviridae	Deltaretrovirus	Bovine leukemia virus	1	1	1	VI		RNA	TRUE	FALSE	FALSE	FALSE	TRUE	FALSE	FALSE	FALSE	FALSE	FALSE	FALSE	FALSE	FALSE	TRUE	FALSE	TRUE	TRUE	FALSE	FALSE	FALSE	FALSE	FALSE	FALSE	FALSE	FALSE		FALSE	
Bos taurus	Cow	Rhabdoviridae	Vesiculovirus	Vesicular stomatitis virus	1	1	0	V		RNA	FALSE	TRUE	FALSE	FALSE	TRUE	FALSE	TRUE	FALSE	FALSE	FALSE	FALSE	FALSE	FALSE	FALSE	FALSE	FALSE	FALSE	FALSE	FALSE	TRUE	FALSE	FALSE	FALSE	FALSE	FALSE		FALSE	
Bos taurus	Cow	Rhabdoviridae	Lyssavirus	Rabies virus	1	1	0	V		RNA	FALSE	TRUE	FALSE	FALSE	TRUE	FALSE	FALSE	FALSE	FALSE	FALSE	FALSE	TRUE	FALSE	FALSE	FALSE	FALSE	FALSE	FALSE	FALSE	FALSE	FALSE	FALSE	FALSE	FALSE	FALSE		FALSE	
Bos taurus	Cow	Rhabdoviridae	Ephemerovirus	Bovine ephemeral fever virus	1	1	0	V		RNA	FALSE	TRUE	FALSE	FALSE	TRUE	FALSE	TRUE	FALSE	FALSE	FALSE	FALSE	FALSE	FALSE	FALSE	FALSE	FALSE	FALSE	FALSE	FALSE	FALSE	FALSE	FALSE	TRUE	FALSE	FALSE		FALSE	
Canis lupus familiaris	Dog	Adenoviridae	Mastadenovirus	Canine mastadenovirus A	1	1	1	I		DNA	TRUE	FALSE	FALSE	FALSE	FALSE	TRUE	FALSE	FALSE	FALSE	FALSE	FALSE	FALSE	FALSE	FALSE	FALSE	FALSE	TRUE	FALSE	FALSE	FALSE	FALSE	FALSE	FALSE	FALSE	FALSE		FALSE	
Canis lupus familiaris	Dog	Adenoviridae	Mastadenovirus	Canine adenovirus 2	1	1	0	I		DNA	TRUE	FALSE	FALSE	FALSE	FALSE	FALSE	FALSE	TRUE	FALSE	FALSE	FALSE	FALSE	FALSE	TRUE	FALSE	FALSE	FALSE	FALSE	FALSE	FALSE	FALSE	FALSE	FALSE	FALSE	FALSE		FALSE	
Canis lupus familiaris	Dog	Arenaviridae	Mammarenavirus	Lymphocytic choriomeningitis mammarenavirus	1	1	1	V		RNA	TRUE	FALSE	TRUE	TRUE	TRUE	FALSE	FALSE	TRUE	FALSE	FALSE	FALSE	FALSE	FALSE	FALSE	FALSE	FALSE	TRUE	FALSE	FALSE	FALSE	FALSE	FALSE	FALSE	FALSE	FALSE		FALSE	
Canis lupus familiaris	Dog	Caliciviridae	Vesivirus	Canine calicivirus	1	1	0	IV		RNA	TRUE	FALSE	FALSE	FALSE	FALSE	FALSE	FALSE	FALSE	FALSE	FALSE	FALSE	FALSE	FALSE	FALSE	FALSE	FALSE	FALSE	FALSE	FALSE	FALSE	FALSE	FALSE	FALSE	FALSE	FALSE		TRUE	Transmission mechanisms unclear
Canis lupus familiaris	Dog	Circoviridae	Circovirus	Canine circovirus	1	1	1	II		DNA	TRUE	FALSE	FALSE	FALSE	FALSE	FALSE	FALSE	FALSE	FALSE	FALSE	FALSE	FALSE	FALSE	FALSE	FALSE	FALSE	FALSE	FALSE	FALSE	FALSE	FALSE	FALSE	FALSE	FALSE	FALSE		TRUE	Transmission mechanisms unclear
Canis lupus familiaris	Dog	Coronaviridae	Alphacoronavirus	Canine enteric coronavirus	1	1	0	IV		RNA	TRUE	FALSE	FALSE	FALSE	TRUE	TRUE	FALSE	FALSE	FALSE	FALSE	FALSE	FALSE	FALSE	FALSE	FALSE	FALSE	FALSE	FALSE	FALSE	FALSE	FALSE	FALSE	FALSE	FALSE	FALSE		FALSE	
Canis lupus familiaris	Dog	Coronaviridae	Alphacoronavirus	Canine respiratory coronavirus	1	1	0	IV		RNA	TRUE	FALSE	FALSE	FALSE	TRUE	FALSE	FALSE	TRUE	FALSE	FALSE	FALSE	FALSE	FALSE	FALSE	FALSE	FALSE	FALSE	FALSE	FALSE	FALSE	FALSE	FALSE	FALSE	FALSE	FALSE		FALSE	
Canis lupus familiaris	Dog	Flaviviridae	Flavivirus	Louping ill virus	1	1	1	IV		RNA	TRUE	FALSE	FALSE	FALSE	TRUE	FALSE	FALSE	FALSE	FALSE	FALSE	FALSE	FALSE	FALSE	FALSE	FALSE	FALSE	FALSE	FALSE	FALSE	FALSE	FALSE	FALSE	FALSE	FALSE	FALSE		TRUE	Transmission mechanisms unclear
Canis lupus familiaris	Dog	Flaviviridae	Flavivirus	Murray valley encephalitis virus	1	1	1	IV		RNA	TRUE	FALSE	FALSE	FALSE	TRUE	FALSE	FALSE	FALSE	FALSE	FALSE	FALSE	FALSE	FALSE	FALSE	FALSE	FALSE	FALSE	FALSE	FALSE	FALSE	FALSE	FALSE	FALSE	FALSE	FALSE		TRUE	Transmission mechanisms unclear
Canis lupus familiaris	Dog	Flaviviridae	Flavivirus	Tickborne encephalitis virus	1	1	0	IV		RNA	TRUE	FALSE	FALSE	FALSE	TRUE	FALSE	TRUE	FALSE	FALSE	FALSE	FALSE	FALSE	FALSE	FALSE	FALSE	FALSE	FALSE	FALSE	TRUE	FALSE	FALSE	FALSE	FALSE	FALSE	FALSE		FALSE	
Canis lupus familiaris	Dog	Herpesviridae	Varicellovirus	Canid alphaherpesvirus 1	1	1	1	I		DNA	TRUE	FALSE	FALSE	FALSE	TRUE	FALSE	FALSE	FALSE	FALSE	FALSE	FALSE	FALSE	FALSE	FALSE	FALSE	FALSE	TRUE	FALSE	FALSE	FALSE	FALSE	FALSE	FALSE	FALSE	FALSE		FALSE	
Canis lupus familiaris	Dog	Herpesviridae	Varicellovirus	Pseudorabies virus/Suid Herpesvirus 1	1	1	0	I		DNA	TRUE	FALSE	FALSE	FALSE	TRUE	TRUE	FALSE	TRUE	FALSE	FALSE	FALSE	FALSE	FALSE	FALSE	FALSE	FALSE	TRUE	FALSE	FALSE	FALSE	FALSE	FALSE	FALSE	FALSE	FALSE		FALSE	
Canis lupus familiaris	Dog	Nairoviridae	Orthonairovirus	Crimean-Congo hemorrhagic fever orthonairovirus	1	1	1	V		RNA	TRUE	FALSE	FALSE	FALSE	TRUE	FALSE	TRUE	FALSE	FALSE	FALSE	FALSE	FALSE	FALSE	FALSE	FALSE	FALSE	FALSE	FALSE	TRUE	FALSE	FALSE	FALSE	FALSE	FALSE	FALSE		FALSE	
Canis lupus familiaris	Dog	Orthomyxoviridae	Alphainfluenzavirus	Canine influenza virus A	1	1	0	V		RNA	FALSE	FALSE	FALSE	TRUE	TRUE	FALSE	FALSE	TRUE	FALSE	FALSE	FALSE	FALSE	FALSE	FALSE	FALSE	FALSE	FALSE	FALSE	FALSE	FALSE	FALSE	FALSE	FALSE	FALSE	FALSE		FALSE	
Canis lupus familiaris	Dog	Papillomaviridae	Lambdapapillomavirus	Canine papillomavirus	1	1	0	I		DNA	TRUE	FALSE	FALSE	FALSE	FALSE	FALSE	FALSE	FALSE	FALSE	FALSE	FALSE	FALSE	FALSE	FALSE	FALSE	FALSE	TRUE	FALSE	FALSE	FALSE	FALSE	FALSE	FALSE	FALSE	FALSE		FALSE	
Canis lupus familiaris	Dog	Paramyxoviridae	Morbillivirus	Canine distemper virus	1	1	0	V		RNA	TRUE	FALSE	TRUE	TRUE	TRUE	FALSE	FALSE	TRUE	FALSE	FALSE	FALSE	FALSE	FALSE	FALSE	FALSE	FALSE	FALSE	FALSE	FALSE	FALSE	FALSE	FALSE	FALSE	FALSE	FALSE		FALSE	
Canis lupus familiaris	Dog	Paramyxoviridae	Henipavirus	Hendra virus	1	1	0	V		RNA	TRUE	FALSE	TRUE	TRUE	TRUE	FALSE	FALSE	FALSE	FALSE	FALSE	FALSE	FALSE	FALSE	FALSE	FALSE	FALSE	FALSE	FALSE	FALSE	FALSE	FALSE	FALSE	FALSE	FALSE	FALSE		TRUE	Transmission mechanisms unclear
Canis lupus familiaris	Dog	Paramyxoviridae	Henipavirus	Nipah virus	1	1	0	V		RNA	TRUE	FALSE	TRUE	TRUE	TRUE	FALSE	FALSE	FALSE	FALSE	FALSE	FALSE	FALSE	FALSE	FALSE	FALSE	FALSE	FALSE	FALSE	FALSE	FALSE	FALSE	FALSE	FALSE	FALSE	FALSE		TRUE	Transmission mechanisms unclear
Canis lupus familiaris	Dog	Paramyxoviridae	Rubulavirus	Canine parainfluenza virus	1	1	0	V		RNA	TRUE	FALSE	TRUE	TRUE	TRUE	FALSE	FALSE	FALSE	FALSE	FALSE	FALSE	FALSE	FALSE	FALSE	FALSE	FALSE	FALSE	FALSE	FALSE	FALSE	FALSE	FALSE	FALSE	FALSE	FALSE		TRUE	Transmission mechanisms unclear
Canis lupus familiaris	Dog	Parvoviridae	Bocaparvovirus	Canine minute virus/canine parvovirus 2	1	1	0	II		DNA	TRUE	FALSE	FALSE	FALSE	FALSE	TRUE	FALSE	FALSE	FALSE	FALSE	FALSE	FALSE	FALSE	FALSE	FALSE	FALSE	FALSE	FALSE	FALSE	FALSE	FALSE	FALSE	FALSE	FALSE	FALSE		FALSE	
Canis lupus familiaris	Dog	Parvoviridae	Protoparvovirus	Canine parvovirus 1	1	1	0	II		DNA	TRUE	FALSE	FALSE	FALSE	FALSE	TRUE	FALSE	FALSE	FALSE	FALSE	FALSE	FALSE	FALSE	TRUE	FALSE	FALSE	FALSE	FALSE	FALSE	FALSE	FALSE	FALSE	FALSE	FALSE	FALSE		FALSE	
Canis lupus familiaris	Dog	Phenuiviridae	Phlebovirus	Rift Valley fever phlebovirus	1	1	1	V		RNA	TRUE	FALSE	FALSE	FALSE	TRUE	FALSE	TRUE	FALSE	FALSE	FALSE	FALSE	FALSE	FALSE	FALSE	FALSE	FALSE	FALSE	TRUE	FALSE	FALSE	FALSE	FALSE	FALSE	FALSE	FALSE		FALSE	
Canis lupus familiaris	Dog	Rhabdoviridae	Lyssavirus	Rabies virus	1	1	0	IV		RNA	FALSE	TRUE	FALSE	FALSE	TRUE	FALSE	FALSE	FALSE	FALSE	FALSE	FALSE	TRUE	FALSE	FALSE	FALSE	FALSE	FALSE	FALSE	FALSE	FALSE	FALSE	FALSE	FALSE	FALSE	FALSE		FALSE	
Equus ferus caballus	Horse	Adenoviridae	Mastadenovirus	Equine mastadenovirus A	1	1	1	I		DNA	TRUE	FALSE	FALSE	FALSE	FALSE	FALSE	FALSE	TRUE	FALSE	FALSE	FALSE	FALSE	FALSE	FALSE	FALSE	FALSE	TRUE	FALSE	FALSE	FALSE	FALSE	FALSE	FALSE	FALSE	FALSE		FALSE	
Equus ferus caballus	Horse	Adenoviridae	Mastadenovirus	Equine mastadenovirus B	1	1	1	I		DNA	TRUE	FALSE	FALSE	FALSE	FALSE	TRUE	FALSE	FALSE	FALSE	FALSE	FALSE	FALSE	FALSE	FALSE	FALSE	FALSE	FALSE	FALSE	FALSE	FALSE	FALSE	FALSE	FALSE	FALSE	FALSE		FALSE	
Equus ferus caballus	Horse	Arteriviridae	Alphaarterivirus	Alphaarterivirus equid	1	1	1	IV		RNA	TRUE	FALSE	FALSE	FALSE	TRUE	FALSE	FALSE	TRUE	FALSE	TRUE	FALSE	FALSE	FALSE	FALSE	FALSE	FALSE	FALSE	FALSE	FALSE	FALSE	FALSE	FALSE	FALSE	FALSE	FALSE		FALSE	
Equus ferus caballus	Horse	Flaviviridae	Flavivirus	Louping ill virus	1	1	1	IV		RNA	TRUE	FALSE	FALSE	FALSE	TRUE	FALSE	TRUE	FALSE	FALSE	FALSE	FALSE	FALSE	FALSE	FALSE	FALSE	FALSE	FALSE	FALSE	TRUE	FALSE	FALSE	FALSE	FALSE	FALSE	FALSE		FALSE	
Equus ferus caballus	Horse	Flaviviridae	Flavivirus	Murray valley encephalitis virus	1	1	1	IV		RNA	TRUE	FALSE	FALSE	FALSE	TRUE	FALSE	TRUE	FALSE	FALSE	FALSE	FALSE	FALSE	FALSE	FALSE	FALSE	FALSE	FALSE	TRUE	FALSE	FALSE	FALSE	FALSE	FALSE	FALSE	FALSE		FALSE	
Equus ferus caballus	Horse	Flaviviridae	Flavivirus	West Nile virus	1	1	1	IV		RNA	TRUE	FALSE	FALSE	FALSE	TRUE	FALSE	TRUE	FALSE	FALSE	FALSE	FALSE	FALSE	FALSE	FALSE	FALSE	FALSE	FALSE	TRUE	FALSE	FALSE	FALSE	FALSE	FALSE	FALSE	FALSE		FALSE	
Equus ferus caballus	Horse	Flaviviridae	Flavivirus	St Louis encephalitis virus	1	1	0	IV		RNA	TRUE	FALSE	FALSE	FALSE	TRUE	FALSE	TRUE	FALSE	FALSE	FALSE	FALSE	FALSE	FALSE	FALSE	FALSE	FALSE	FALSE	TRUE	FALSE	FALSE	FALSE	FALSE	FALSE	FALSE	FALSE	PMID:25229279 	FALSE	
Equus ferus caballus	Horse	Herpesviridae	Varicellovirus	Equine herpesvirus 1	1	1	0	I		DNA	TRUE	FALSE	FALSE	FALSE	TRUE	FALSE	FALSE	FALSE	FALSE	FALSE	FALSE	FALSE	FALSE	FALSE	FALSE	FALSE	TRUE	FALSE	FALSE	FALSE	FALSE	FALSE	FALSE	FALSE	FALSE		FALSE	
Equus ferus caballus	Horse	Herpesviridae	Rhadinovirus	Equine herpesvirus 2	1	1	0	I		DNA	TRUE	FALSE	FALSE	FALSE	TRUE	FALSE	FALSE	FALSE	FALSE	FALSE	FALSE	FALSE	FALSE	FALSE	FALSE	FALSE	FALSE	FALSE	FALSE	FALSE	FALSE	FALSE	FALSE	FALSE	FALSE		TRUE	Transmission mechanism uncertain
Equus ferus caballus	Horse	Herpesviridae	Varicellovirus	Equine herpesvirus 3	1	1	0	I		DNA	TRUE	FALSE	FALSE	FALSE	TRUE	FALSE	FALSE	FALSE	FALSE	TRUE	FALSE	FALSE	FALSE	FALSE	FALSE	FALSE	TRUE	FALSE	FALSE	FALSE	FALSE	FALSE	FALSE	FALSE	FALSE		FALSE	
Equus ferus caballus	Horse	Herpesviridae	Varicellovirus	Equine herpesvirus 4	1	1	0	I		DNA	TRUE	FALSE	FALSE	FALSE	TRUE	FALSE	FALSE	TRUE	FALSE	FALSE	FALSE	FALSE	FALSE	FALSE	FALSE	FALSE	FALSE	FALSE	FALSE	FALSE	FALSE	FALSE	FALSE	FALSE	FALSE		FALSE	
Equus ferus caballus	Horse	Orthomyxoviridae	Alphainfluenzavirus	Influenza A virus	1	1	1	V		RNA	FALSE	FALSE	FALSE	TRUE	TRUE	FALSE	FALSE	FALSE	TRUE	FALSE	FALSE	FALSE	FALSE	FALSE	FALSE	FALSE	TRUE	FALSE	FALSE	FALSE	FALSE	FALSE	FALSE	FALSE	FALSE		FALSE	
Equus ferus caballus	Horse	Orthomyxoviridae	Thogotovirus	Thogotovirus	1	1	0	V		RNA	FALSE	FALSE	FALSE	TRUE	TRUE	FALSE	TRUE	FALSE	FALSE	FALSE	FALSE	FALSE	FALSE	FALSE	FALSE	FALSE	FALSE	TRUE	TRUE	FALSE	FALSE	FALSE	FALSE	FALSE	FALSE		FALSE	
Equus ferus caballus	Horse	Orthomyxoviridae	Thogotovirus	Dhori	1	1	0	V		RNA	FALSE	FALSE	FALSE	TRUE	TRUE	FALSE	TRUE	FALSE	FALSE	FALSE	FALSE	FALSE	FALSE	FALSE	FALSE	FALSE	FALSE	TRUE	TRUE	FALSE	FALSE	FALSE	FALSE	FALSE	FALSE		FALSE	
Equus ferus caballus	Horse	Papillomaviridae	Zetapapillomavirus	Equine papillomavirus	1	1	0	I		DNA	TRUE	FALSE	FALSE	FALSE	FALSE	FALSE	FALSE	FALSE	FALSE	FALSE	FALSE	FALSE	FALSE	FALSE	FALSE	FALSE	FALSE	FALSE	FALSE	FALSE	FALSE	FALSE	FALSE	FALSE	FALSE		TRUE	Transmission mechanism uncertain
Equus ferus caballus	Horse	Paramyxoviridae	Henipavirus	Hendra virus	1	1	0	V		RNA	TRUE	FALSE	TRUE	TRUE	TRUE	FALSE	FALSE	FALSE	FALSE	FALSE	TRUE	FALSE	FALSE	FALSE	FALSE	FALSE	TRUE	FALSE	FALSE	FALSE	FALSE	FALSE	FALSE	FALSE	FALSE		FALSE	
Equus ferus caballus	Horse	Paramyxoviridae	Henipavirus	Nipah virus	1	1	0	V		RNA	TRUE	FALSE	TRUE	TRUE	TRUE	FALSE	FALSE	FALSE	FALSE	FALSE	TRUE	FALSE	FALSE	FALSE	FALSE	FALSE	TRUE	FALSE	FALSE	FALSE	FALSE	FALSE	FALSE	FALSE	FALSE		FALSE	
Equus ferus caballus	Horse	Picornaviridae	Aphthovirus	Equine rhinovirus 1,2	1	1	0	IV		RNA	TRUE	FALSE	FALSE	FALSE	FALSE	FALSE	FALSE	TRUE	FALSE	FALSE	FALSE	FALSE	FALSE	FALSE	FALSE	FALSE	FALSE	FALSE	FALSE	FALSE	FALSE	FALSE	FALSE	FALSE	FALSE		FALSE	
Equus ferus caballus	Horse	Poxviridae	Orthopoxvirus	Horsepox	1	1	0	I		DNA	FALSE	FALSE	FALSE	TRUE	TRUE	FALSE	FALSE	TRUE	FALSE	FALSE	FALSE	FALSE	FALSE	FALSE	FALSE	FALSE	TRUE	FALSE	FALSE	FALSE	FALSE	FALSE	FALSE	FALSE	FALSE		FALSE	
Equus ferus caballus	Horse	Reoviridae	Orbivirus	African horse sickness virus	1	1	1	III		RNA	TRUE	FALSE	FALSE	FALSE	FALSE	FALSE	TRUE	FALSE	FALSE	FALSE	FALSE	FALSE	FALSE	FALSE	FALSE	FALSE	FALSE	TRUE	TRUE	FALSE	FALSE	FALSE	TRUE	FALSE	FALSE		FALSE	
Equus ferus caballus	Horse	Reoviridae	Orbivirus	Bluetongue virus	1	1	1	III		RNA	TRUE	FALSE	FALSE	FALSE	FALSE	FALSE	TRUE	FALSE	FALSE	FALSE	FALSE	FALSE	FALSE	FALSE	FALSE	FALSE	FALSE	FALSE	FALSE	FALSE	FALSE	FALSE	TRUE	FALSE	FALSE		FALSE	
Equus ferus caballus	Horse	Reoviridae	Orbivirus	Peruvian horse sickness virus	1	1	1	III		RNA	TRUE	FALSE	FALSE	FALSE	FALSE	FALSE	TRUE	FALSE	FALSE	FALSE	FALSE	FALSE	FALSE	FALSE	FALSE	FALSE	FALSE	TRUE	FALSE	FALSE	FALSE	FALSE	FALSE	FALSE	FALSE		FALSE	
Equus ferus caballus	Horse	Reoviridae	Rotavirus	Rotavirus	1	1	0	III		RNA	TRUE	FALSE	FALSE	FALSE	FALSE	TRUE	FALSE	FALSE	FALSE	FALSE	FALSE	FALSE	FALSE	FALSE	FALSE	FALSE	FALSE	FALSE	FALSE	FALSE	FALSE	FALSE	FALSE	FALSE	FALSE		FALSE	
Equus ferus caballus	Horse	Retroviridae	Lentivirus	Equine infectious anemia virus	1	1	1	VI		RNA	TRUE	FALSE	FALSE	FALSE	TRUE	FALSE	TRUE	FALSE	FALSE	TRUE	FALSE	FALSE	FALSE	FALSE	FALSE	TRUE	FALSE	FALSE	FALSE	FALSE	FALSE	FALSE	FALSE	TRUE	FALSE		FALSE	
Equus ferus caballus	Horse	Rhabdoviridae	Lyssavirus	Rabies virus	1	1	0	V		RNA	FALSE	TRUE	FALSE	FALSE	TRUE	FALSE	FALSE	FALSE	FALSE	FALSE	FALSE	TRUE	FALSE	FALSE	FALSE	FALSE	FALSE	FALSE	FALSE	FALSE	FALSE	FALSE	FALSE	FALSE	FALSE		FALSE	
Equus ferus caballus	Horse	Rhabdoviridae	Vesiculovirus	Vesicular stomatitis virus	1	1	0	V		RNA	FALSE	TRUE	FALSE	FALSE	TRUE	FALSE	TRUE	FALSE	FALSE	FALSE	FALSE	FALSE	FALSE	FALSE	FALSE	FALSE	FALSE	FALSE	FALSE	TRUE	FALSE	FALSE	FALSE	FALSE	FALSE		FALSE	
Equus ferus caballus	Horse	Togaviridae	Alphavirus	Eastern equine encephalitis virus	1	1	1	IV		RNA	TRUE	FALSE	FALSE	FALSE	TRUE	FALSE	TRUE	FALSE	FALSE	FALSE	FALSE	FALSE	FALSE	FALSE	FALSE	FALSE	FALSE	TRUE	FALSE	FALSE	FALSE	FALSE	FALSE	FALSE	FALSE		FALSE	
Equus ferus caballus	Horse	Togaviridae	Alphavirus	Venezuelan equine encephalitis virus	1	1	1	IV		RNA	TRUE	FALSE	FALSE	FALSE	TRUE	FALSE	TRUE	FALSE	FALSE	FALSE	FALSE	FALSE	FALSE	FALSE	FALSE	FALSE	FALSE	TRUE	FALSE	FALSE	FALSE	FALSE	FALSE	FALSE	FALSE		FALSE	
Equus ferus caballus	Horse	Togaviridae	Alphavirus	Western equine encephalitis virus	1	1	1	IV		RNA	TRUE	FALSE	FALSE	FALSE	TRUE	FALSE	TRUE	FALSE	FALSE	FALSE	FALSE	FALSE	FALSE	FALSE	FALSE	FALSE	FALSE	TRUE	FALSE	FALSE	FALSE	FALSE	FALSE	FALSE	FALSE		FALSE	
Felis catus	Cat	Astroviridae	Mamastrovirus	Feline astrovirus	1	1	0	IV		RNA	TRUE	FALSE	FALSE	FALSE	FALSE	TRUE	FALSE	FALSE	FALSE	FALSE	FALSE	FALSE	FALSE	FALSE	FALSE	FALSE	FALSE	FALSE	FALSE	FALSE	FALSE	FALSE	FALSE	FALSE	FALSE	PMID:24793097	FALSE	
Felis catus	Cat	Caliciviridae	Vesivirus	Feline Calicivirus	1	1	1	IV		RNA	TRUE	FALSE	FALSE	FALSE	FALSE	TRUE	FALSE	TRUE	FALSE	FALSE	TRUE	FALSE	FALSE	FALSE	FALSE	FALSE	TRUE	FALSE	FALSE	FALSE	FALSE	FALSE	FALSE	FALSE	FALSE		FALSE	
Felis catus	Cat	Coronaviridae	Alphacoronavirus	Feline enteric coronavirus	1	1	0	IV		RNA	TRUE	FALSE	FALSE	FALSE	TRUE	TRUE	FALSE	FALSE	FALSE	FALSE	FALSE	FALSE	FALSE	FALSE	FALSE	FALSE	FALSE	FALSE	FALSE	FALSE	FALSE	FALSE	FALSE	FALSE	FALSE		FALSE	
Felis catus	Cat	Coronaviridae	Alphacoronavirus	Feline infectious peritonitis virus	1	1	0	IV		RNA	TRUE	FALSE	FALSE	FALSE	TRUE	TRUE	FALSE	FALSE	FALSE	FALSE	FALSE	FALSE	FALSE	FALSE	FALSE	FALSE	FALSE	FALSE	FALSE	FALSE	FALSE	FALSE	FALSE	FALSE	FALSE		FALSE	
Felis catus	Cat	Coronaviridae	Betacoronavirus	Severe acute respiratory syndrome (SARS) virus	1	1	0	IV		RNA	TRUE	FALSE	FALSE	FALSE	TRUE	FALSE	FALSE	FALSE	FALSE	FALSE	FALSE	FALSE	FALSE	FALSE	FALSE	FALSE	FALSE	FALSE	FALSE	FALSE	FALSE	FALSE	FALSE	FALSE	FALSE		TRUE	Transmission mechanisms unclear
Felis catus	Cat	Herpesviridae	Varicellovirus	Feline Herpes virus 1	1	1	0	I		DNA	TRUE	FALSE	FALSE	FALSE	TRUE	FALSE	FALSE	FALSE	FALSE	FALSE	FALSE	FALSE	FALSE	FALSE	FALSE	FALSE	TRUE	FALSE	FALSE	FALSE	FALSE	FALSE	FALSE	FALSE	FALSE		FALSE	
Felis catus	Cat	Herpesviridae	Varicellovirus	Pseudorabies virus/Suid Herpesvirus 1	1	1	0	I		DNA	TRUE	FALSE	FALSE	FALSE	TRUE	FALSE	FALSE	TRUE	FALSE	FALSE	FALSE	FALSE	FALSE	FALSE	FALSE	FALSE	TRUE	FALSE	FALSE	FALSE	FALSE	FALSE	FALSE	FALSE	FALSE		FALSE	
Felis catus	Cat	Orthomyxoviridae	Alphainfluenzavirus	Influenza virus A	1	1	0	V		RNA	FALSE	FALSE	FALSE	TRUE	TRUE	FALSE	FALSE	TRUE	FALSE	FALSE	TRUE	FALSE	FALSE	FALSE	FALSE	FALSE	FALSE	FALSE	FALSE	FALSE	FALSE	FALSE	FALSE	FALSE	FALSE	PMID: 29260686	FALSE	
Felis catus	Cat	Papillomaviridae	Lambdapapillomavirus	Feline papillomavirus	1	1	0	I		DNA	TRUE	FALSE	FALSE	FALSE	FALSE	FALSE	FALSE	FALSE	FALSE	FALSE	FALSE	FALSE	FALSE	FALSE	FALSE	TRUE	FALSE	FALSE	FALSE	FALSE	FALSE	FALSE	FALSE	FALSE	FALSE	PMID:23813815	FALSE	
Felis catus	Cat	Paramyxoviridae	Henipavirus	Hendra virus	1	1	0	V		RNA	TRUE	FALSE	TRUE	TRUE	TRUE	FALSE	FALSE	FALSE	FALSE	FALSE	FALSE	FALSE	FALSE	FALSE	FALSE	FALSE	FALSE	FALSE	FALSE	FALSE	FALSE	FALSE	FALSE	FALSE	FALSE		TRUE	Transmission mechanisms unclear
Felis catus	Cat	Paramyxoviridae	Henipavirus	Nipah virus	1	1	0	V		RNA	TRUE	FALSE	TRUE	TRUE	TRUE	FALSE	FALSE	FALSE	FALSE	FALSE	FALSE	FALSE	FALSE	FALSE	FALSE	FALSE	FALSE	FALSE	FALSE	FALSE	FALSE	FALSE	FALSE	FALSE	FALSE		TRUE	Transmission mechanisms unclear
Felis catus	Cat	Parvoviridae	Protoparvovirus	Canine parvovirus 1	1	1	0	II		DNA	TRUE	FALSE	FALSE	FALSE	FALSE	FALSE	FALSE	FALSE	FALSE	FALSE	FALSE	FALSE	FALSE	FALSE	FALSE	FALSE	FALSE	FALSE	FALSE	FALSE	FALSE	FALSE	FALSE	FALSE	FALSE		TRUE	Transmission mechanisms unclear
Felis catus	Cat	Parvoviridae	Protoparvovirus	Feline panleukopenia virus	1	1	0	II		DNA	TRUE	FALSE	FALSE	FALSE	FALSE	TRUE	TRUE	FALSE	FALSE	FALSE	FALSE	FALSE	FALSE	FALSE	FALSE	FALSE	TRUE	FALSE	FALSE	FALSE	FALSE	TRUE	FALSE	FALSE	FALSE		FALSE	
Felis catus	Cat	Phenuiviridae	Phlebovirus	Rift Valley fever phlebovirus	1	1	1	V		RNA	TRUE	FALSE	FALSE	FALSE	TRUE	FALSE	TRUE	FALSE	FALSE	FALSE	FALSE	FALSE	FALSE	FALSE	FALSE	FALSE	FALSE	FALSE	FALSE	FALSE	FALSE	FALSE	FALSE	FALSE	FALSE		TRUE	Transmission mechanisms unclear
Felis catus	Cat	Poxviridae	Orthopoxvirus	Cowpox	1	1	0	I		DNA	FALSE	FALSE	FALSE	TRUE	TRUE	FALSE	FALSE	FALSE	FALSE	FALSE	TRUE	FALSE	FALSE	FALSE	FALSE	FALSE	TRUE	FALSE	FALSE	FALSE	FALSE	FALSE	FALSE	FALSE	FALSE	PMID:23813814	FALSE	
Felis catus	Cat	Poxviridae	Orthopoxvirus	Feline poxvirus	1	1	0	I		DNA	FALSE	FALSE	FALSE	TRUE	TRUE	FALSE	FALSE	FALSE	FALSE	FALSE	FALSE	FALSE	FALSE	FALSE	FALSE	FALSE	FALSE	FALSE	FALSE	FALSE	FALSE	FALSE	FALSE	FALSE	FALSE		TRUE	Transmission mechanisms unclear
Felis catus	Cat	Retroviridae	Lentivirus	Feline immunodeficiency virus	1	1	1	VI		RNA	TRUE	FALSE	FALSE	FALSE	TRUE	FALSE	FALSE	FALSE	FALSE	FALSE	FALSE	TRUE	FALSE	TRUE	FALSE	FALSE	FALSE	FALSE	FALSE	FALSE	FALSE	FALSE	FALSE	FALSE	FALSE		FALSE	
Felis catus	Cat	Retroviridae	Gammaretrovirus	Feline leukemia virus	1	1	1	VI		RNA	TRUE	FALSE	FALSE	FALSE	TRUE	FALSE	FALSE	FALSE	FALSE	FALSE	FALSE	TRUE	FALSE	FALSE	FALSE	FALSE	TRUE	FALSE	FALSE	FALSE	FALSE	FALSE	FALSE	FALSE	FALSE		FALSE	
Felis catus	Cat	Retroviridae	Felispumavirus	Feline Foamy virus	1	1	1	VI		RNA	TRUE	FALSE	FALSE	FALSE	TRUE	FALSE	FALSE	FALSE	FALSE	FALSE	TRUE	TRUE	FALSE	FALSE	FALSE	FALSE	TRUE	FALSE	FALSE	FALSE	FALSE	FALSE	FALSE	FALSE	FALSE	PMID: 29197389	FALSE	
Felis catus	Cat	Rhabdoviridae	Lyssavirus	Rabies virus	1	1	0	V		RNA	FALSE	TRUE	FALSE	FALSE	TRUE	FALSE	FALSE	FALSE	FALSE	FALSE	FALSE	TRUE	FALSE	FALSE	FALSE	FALSE	FALSE	FALSE	FALSE	FALSE	FALSE	FALSE	FALSE	FALSE	FALSE		FALSE	
Gallus gallus	Chicken	Anelloviridae	Gyrovirus	Chicken anemia virus	1	1	1	I		DNA	TRUE	FALSE	FALSE	FALSE	FALSE	TRUE	FALSE	FALSE	FALSE	FALSE	FALSE	FALSE	FALSE	TRUE	FALSE	FALSE	FALSE	FALSE	FALSE	FALSE	FALSE	FALSE	FALSE	FALSE	FALSE		FALSE	
Gallus gallus	Chicken	Astroviridae	Avastrovirus	Avian nephritis virus 1,2	1	1	0	IV		RNA	TRUE	FALSE	FALSE	FALSE	FALSE	TRUE	FALSE	FALSE	FALSE	FALSE	FALSE	FALSE	FALSE	TRUE	FALSE	FALSE	FALSE	FALSE	FALSE	FALSE	FALSE	FALSE	FALSE	FALSE	FALSE		FALSE	
Gallus gallus	Chicken	Birnaviridae	Avibirnavirus	Infectious bursal disease virus	1	1	1	III		RNA	TRUE	FALSE	FALSE	FALSE	FALSE	TRUE	FALSE	FALSE	FALSE	FALSE	FALSE	FALSE	FALSE	FALSE	FALSE	FALSE	FALSE	FALSE	FALSE	FALSE	FALSE	FALSE	FALSE	FALSE	FALSE		FALSE	
Gallus gallus	Chicken	Coronaviridae	Gammacoronavirus	Avian infectious bronchitis virus	1	1	0	IV		RNA	TRUE	FALSE	FALSE	FALSE	TRUE	FALSE	FALSE	TRUE	FALSE	FALSE	FALSE	FALSE	FALSE	FALSE	FALSE	FALSE	FALSE	FALSE	FALSE	FALSE	FALSE	FALSE	FALSE	FALSE	FALSE		FALSE	
Gallus gallus	Chicken	Flaviviridae	Flavivirus	St Louis encephalitis virus	1	1	0	IV		RNA	TRUE	FALSE	FALSE	FALSE	TRUE	FALSE	TRUE	FALSE	FALSE	FALSE	FALSE	FALSE	FALSE	FALSE	FALSE	FALSE	FALSE	TRUE	FALSE	FALSE	FALSE	FALSE	FALSE	FALSE	FALSE		FALSE	
Gallus gallus	Chicken	Hepeviridae	Orthohepevirus	Orthohepevirus	1	1	0	IV		RNA	TRUE	FALSE	FALSE	FALSE	FALSE	TRUE	FALSE	FALSE	FALSE	FALSE	FALSE	FALSE	FALSE	FALSE	FALSE	FALSE	FALSE	FALSE	FALSE	FALSE	FALSE	FALSE	FALSE	FALSE	FALSE	PMIDÂ 20399575.	FALSE	
Gallus gallus	Chicken	Herpesviridae	Mardivirus	Marek's disease virus	1	1	0	I		DNA	TRUE	FALSE	FALSE	FALSE	TRUE	FALSE	FALSE	FALSE	TRUE	FALSE	FALSE	FALSE	FALSE	FALSE	FALSE	FALSE	FALSE	FALSE	FALSE	FALSE	FALSE	FALSE	FALSE	FALSE	FALSE		FALSE	
Gallus gallus	Chicken	Orthomyxoviridae	Alphainfluenzavirus	Influenza A virus	1	1	1	V		RNA	FALSE	FALSE	FALSE	TRUE	TRUE	TRUE	FALSE	TRUE	FALSE	FALSE	FALSE	FALSE	FALSE	FALSE	FALSE	FALSE	TRUE	FALSE	FALSE	FALSE	FALSE	FALSE	FALSE	FALSE	FALSE		FALSE	
Gallus gallus	Chicken	Orthomyxoviridae	Thogotovirus	Batken	1	1	0	V		RNA	FALSE	FALSE	FALSE	TRUE	TRUE	FALSE	TRUE	FALSE	FALSE	FALSE	FALSE	FALSE	FALSE	FALSE	FALSE	FALSE	FALSE	FALSE	TRUE	FALSE	FALSE	FALSE	FALSE	FALSE	FALSE		FALSE	
Gallus gallus	Chicken	Paramyxoviridae	Avulavirus	Newcastle Disease virus	1	1	0	V		RNA	TRUE	FALSE	TRUE	TRUE	TRUE	FALSE	FALSE	FALSE	FALSE	FALSE	FALSE	FALSE	FALSE	FALSE	FALSE	FALSE	TRUE	FALSE	FALSE	FALSE	FALSE	FALSE	FALSE	FALSE	FALSE		FALSE	
Gallus gallus	Chicken	Picornaviridae	Tremovirus	Avian encephalomyelitis virus	1	1	0	IV		RNA	TRUE	FALSE	FALSE	FALSE	FALSE	TRUE	FALSE	FALSE	FALSE	FALSE	FALSE	FALSE	FALSE	FALSE	FALSE	FALSE	FALSE	FALSE	FALSE	FALSE	FALSE	FALSE	FALSE	FALSE	FALSE	PMID:28795263	FALSE	
Gallus gallus	Chicken	Poxviridae	Avipoxvirus	Fowlpox	1	1	0	I		DNA	FALSE	FALSE	FALSE	TRUE	TRUE	FALSE	TRUE	TRUE	FALSE	FALSE	FALSE	FALSE	FALSE	FALSE	FALSE	TRUE	FALSE	TRUE	FALSE	FALSE	FALSE	FALSE	FALSE	FALSE	FALSE		FALSE	
Gallus gallus	Chicken	Reoviridae	Orthoreovirus	Avian orthoreovirus	1	1	1	III		RNA	TRUE	FALSE	FALSE	FALSE	FALSE	TRUE	FALSE	FALSE	FALSE	FALSE	FALSE	FALSE	FALSE	TRUE	FALSE	FALSE	FALSE	FALSE	FALSE	FALSE	FALSE	FALSE	FALSE	FALSE	FALSE		FALSE	
Gallus gallus	Chicken	Retroviridae	Alpharetrovirus	Avian leukosis virus	1	1	1	VI		RNA	TRUE	FALSE	FALSE	FALSE	TRUE	FALSE	FALSE	FALSE	FALSE	TRUE	FALSE	FALSE	FALSE	TRUE	FALSE	FALSE	TRUE	FALSE	FALSE	FALSE	FALSE	FALSE	FALSE	FALSE	FALSE	PMID: 28662658	FALSE	
Gallus gallus	Chicken	Togaviridae	Alphavirus	Eastern equine encephalitis virus	1	1	1	IV		RNA	TRUE	FALSE	FALSE	FALSE	TRUE	FALSE	TRUE	FALSE	FALSE	FALSE	FALSE	FALSE	FALSE	FALSE	FALSE	FALSE	FALSE	TRUE	FALSE	FALSE	FALSE	FALSE	FALSE	FALSE	FALSE		FALSE	
Gallus gallus	Chicken	Togaviridae	Alphavirus	Venezuelan equine encephalitis virus	1	1	1	IV		RNA	TRUE	FALSE	FALSE	FALSE	TRUE	FALSE	TRUE	FALSE	FALSE	FALSE	FALSE	FALSE	FALSE	FALSE	FALSE	FALSE	FALSE	TRUE	FALSE	FALSE	FALSE	FALSE	FALSE	FALSE	FALSE		FALSE	
Gallus gallus	Chicken	Togaviridae	Alphavirus	Western equine encephalitis virus	1	1	1	IV		RNA	TRUE	FALSE	FALSE	FALSE	TRUE	FALSE	TRUE	FALSE	FALSE	FALSE	FALSE	FALSE	FALSE	FALSE	FALSE	FALSE	FALSE	TRUE	FALSE	FALSE	FALSE	FALSE	FALSE	FALSE	FALSE		FALSE	
Homo sapiens	Human	Adenoviridae	Mastadenovirus	Human mastadenovirus A	1	1	1	I		DNA	TRUE	FALSE	FALSE	FALSE	FALSE	TRUE	FALSE	FALSE	FALSE	FALSE	FALSE	FALSE	FALSE	FALSE	FALSE	FALSE	FALSE	FALSE	FALSE	FALSE	FALSE	FALSE	FALSE	FALSE	FALSE	Isolation of an Intertypic Recombinant Human Adenovirus (Candidate Type 56) from the Pharyngeal Swab of a Patient with Pharyngoconjunctival Fever - Scientific Figure on ResearchGate. Available from: https://www.researchgate.net/figure/Species-of-human-adenoviruses-and-their-main-tropism_tbl1_230894724 [accessed 30 Dec, 2018]	FALSE	
Homo sapiens	Human	Adenoviridae	Mastadenovirus	Human mastadenovirus B	1	1	1	I		DNA	TRUE	FALSE	FALSE	FALSE	FALSE	FALSE	FALSE	TRUE	FALSE	FALSE	FALSE	FALSE	FALSE	FALSE	FALSE	FALSE	TRUE	FALSE	FALSE	FALSE	FALSE	FALSE	FALSE	FALSE	FALSE		FALSE	
Homo sapiens	Human	Adenoviridae	Mastadenovirus	Human mastadenovirus C	1	1	1	I		DNA	TRUE	FALSE	FALSE	FALSE	FALSE	TRUE	FALSE	TRUE	FALSE	FALSE	FALSE	FALSE	FALSE	FALSE	FALSE	FALSE	FALSE	FALSE	FALSE	FALSE	FALSE	FALSE	FALSE	FALSE	FALSE		FALSE	
Homo sapiens	Human	Adenoviridae	Mastadenovirus	Human mastadenovirus D	1	1	1	I		DNA	TRUE	FALSE	FALSE	FALSE	FALSE	FALSE	FALSE	FALSE	FALSE	FALSE	FALSE	FALSE	FALSE	FALSE	FALSE	FALSE	TRUE	FALSE	FALSE	FALSE	FALSE	FALSE	FALSE	FALSE	FALSE		FALSE	
Homo sapiens	Human	Adenoviridae	Mastadenovirus	Human mastadenovirus E	1	1	1	I		DNA	TRUE	FALSE	FALSE	FALSE	FALSE	FALSE	FALSE	TRUE	FALSE	FALSE	FALSE	FALSE	FALSE	FALSE	FALSE	FALSE	FALSE	FALSE	FALSE	FALSE	FALSE	FALSE	FALSE	FALSE	FALSE		FALSE	
Homo sapiens	Human	Adenoviridae	Mastadenovirus	Human mastadenovirus F	1	1	1	I		DNA	TRUE	FALSE	FALSE	FALSE	FALSE	TRUE	FALSE	FALSE	FALSE	FALSE	FALSE	FALSE	FALSE	FALSE	FALSE	FALSE	FALSE	FALSE	FALSE	FALSE	FALSE	FALSE	FALSE	FALSE	FALSE		FALSE	
Homo sapiens	Human	Anelloviridae	Alphatorquevirus	Torque teno virus 1	1	1	1	II		DNA	TRUE	FALSE	FALSE	FALSE	FALSE	FALSE	FALSE	FALSE	FALSE	FALSE	FALSE	FALSE	TRUE	FALSE	FALSE	TRUE	FALSE	FALSE	FALSE	FALSE	FALSE	FALSE	FALSE	FALSE	FALSE	PMID:28482844, PMID:29843750, PMID:11783127	TRUE	Transmission mechanism to humans unclear
Homo sapiens	Human	Arenaviridae	Mammarenavirus	Lassa mammarenavirus	1	1	1	V	A	RNA	TRUE	FALSE	TRUE	TRUE	TRUE	FALSE	FALSE	TRUE	TRUE	FALSE	TRUE	FALSE	FALSE	FALSE	FALSE	TRUE	FALSE	FALSE	FALSE	FALSE	TRUE	FALSE	FALSE	FALSE	FALSE		FALSE	
Homo sapiens	Human	Arenaviridae	Mammarenavirus	Argentinian mammarenavirus	1	1	1	V	A	RNA	TRUE	FALSE	TRUE	TRUE	TRUE	FALSE	FALSE	FALSE	TRUE	FALSE	TRUE	FALSE	FALSE	FALSE	FALSE	TRUE	FALSE	FALSE	FALSE	FALSE	FALSE	FALSE	FALSE	FALSE	FALSE		FALSE	
Homo sapiens	Human	Arenaviridae	Mammarenavirus	Machupo mammarenavirus	1	1	1	V	A	RNA	TRUE	FALSE	TRUE	TRUE	TRUE	FALSE	FALSE	FALSE	TRUE	FALSE	TRUE	FALSE	FALSE	FALSE	FALSE	TRUE	FALSE	FALSE	FALSE	FALSE	TRUE	FALSE	FALSE	FALSE	FALSE		FALSE	
Homo sapiens	Human	Arenaviridae	Mammarenavirus	Guanarito mammarenavirus	1	1	1	V	A	RNA	TRUE	FALSE	TRUE	TRUE	TRUE	FALSE	FALSE	FALSE	TRUE	FALSE	TRUE	FALSE	FALSE	FALSE	FALSE	TRUE	FALSE	FALSE	FALSE	FALSE	FALSE	FALSE	FALSE	FALSE	FALSE		FALSE	
Homo sapiens	Human	Arenaviridae	Mammarenavirus	Chapare mammarenavirus	1	1	1	V	A	RNA	TRUE	FALSE	TRUE	TRUE	TRUE	FALSE	FALSE	FALSE	TRUE	FALSE	TRUE	FALSE	FALSE	FALSE	FALSE	TRUE	FALSE	FALSE	FALSE	FALSE	FALSE	FALSE	FALSE	FALSE	FALSE		FALSE	
Homo sapiens	Human	Arenaviridae	Mammarenavirus	Lujo mammarenavirus	1	1	1	V	A	RNA	TRUE	FALSE	TRUE	TRUE	TRUE	FALSE	FALSE	FALSE	FALSE	FALSE	FALSE	FALSE	FALSE	FALSE	FALSE	FALSE	TRUE	FALSE	FALSE	FALSE	FALSE	FALSE	FALSE	FALSE	FALSE		FALSE	
Homo sapiens	Human	Arenaviridae	Mammarenavirus	Lymphocytic choriomeningitis mammarenavirus	1	1	1	V		RNA	TRUE	FALSE	TRUE	TRUE	TRUE	FALSE	FALSE	FALSE	TRUE	FALSE	TRUE	FALSE	FALSE	FALSE	FALSE	TRUE	TRUE	FALSE	FALSE	FALSE	TRUE	FALSE	FALSE	FALSE	FALSE		FALSE	
Homo sapiens	Human	Astroviridae	Mamastrovirus	Human astrovirus 1-8	1	1	0	IV		RNA	TRUE	FALSE	FALSE	FALSE	FALSE	TRUE	FALSE	FALSE	FALSE	FALSE	FALSE	FALSE	FALSE	FALSE	FALSE	FALSE	FALSE	FALSE	FALSE	FALSE	FALSE	FALSE	FALSE	FALSE	FALSE		FALSE	
Homo sapiens	Human	Caliciviridae	Norovirus	Norwalk virus	1	1	1	IV	B	RNA	TRUE	FALSE	FALSE	FALSE	FALSE	TRUE	FALSE	TRUE	FALSE	FALSE	TRUE	FALSE	FALSE	FALSE	FALSE	FALSE	FALSE	FALSE	FALSE	FALSE	FALSE	FALSE	FALSE	FALSE	FALSE		FALSE	
Homo sapiens	Human	Caliciviridae	Vesivirus	Vesicular exanthema of swine virus	1	1	1	IV		RNA	TRUE	FALSE	FALSE	FALSE	FALSE	FALSE	FALSE	FALSE	FALSE	FALSE	FALSE	FALSE	FALSE	FALSE	FALSE	FALSE	FALSE	FALSE	FALSE	FALSE	TRUE	FALSE	FALSE	FALSE	FALSE		TRUE	Transmission mechanism to humans unclear
Homo sapiens	Human	Caliciviridae	Sapovirus	Sapporo virus	1	1	1	IV	B	RNA	TRUE	FALSE	FALSE	FALSE	FALSE	TRUE	FALSE	TRUE	FALSE	FALSE	TRUE	FALSE	FALSE	FALSE	FALSE	FALSE	FALSE	FALSE	FALSE	FALSE	FALSE	FALSE	FALSE	FALSE	FALSE		FALSE	
Homo sapiens	Human	Coronaviridae	Betacoronavirus	SARS	1	1	0	IV	C	RNA	TRUE	FALSE	FALSE	FALSE	TRUE	FALSE	FALSE	TRUE	FALSE	FALSE	FALSE	FALSE	FALSE	FALSE	FALSE	FALSE	FALSE	FALSE	FALSE	FALSE	TRUE	FALSE	FALSE	FALSE	FALSE		FALSE	
Homo sapiens	Human	Coronaviridae	Betacoronavirus	MERS	1	1	0	IV	C	RNA	TRUE	FALSE	FALSE	FALSE	TRUE	FALSE	FALSE	TRUE	FALSE	FALSE	FALSE	FALSE	FALSE	FALSE	FALSE	FALSE	FALSE	FALSE	FALSE	FALSE	FALSE	FALSE	FALSE	FALSE	FALSE		FALSE	
Homo sapiens	Human	Coronaviridae	Alphacoronavirus	human cold  coronavirus	1	1	0	IV		RNA	TRUE	FALSE	FALSE	FALSE	TRUE	FALSE	FALSE	TRUE	FALSE	FALSE	FALSE	FALSE	FALSE	FALSE	FALSE	FALSE	FALSE	FALSE	FALSE	FALSE	FALSE	FALSE	FALSE	FALSE	FALSE		FALSE	
Homo sapiens	Human	Filoviridae	Ebolavirus	Ebola	1	1	0	V	A	RNA	FALSE	FALSE	TRUE	FALSE	TRUE	FALSE	FALSE	FALSE	FALSE	TRUE	FALSE	FALSE	FALSE	FALSE	FALSE	TRUE	TRUE	FALSE	FALSE	FALSE	TRUE	FALSE	FALSE	FALSE	FALSE		FALSE	
Homo sapiens	Human	Filoviridae	Marburgvirus	Marburg	1	1	0	V	A	RNA	FALSE	FALSE	TRUE	FALSE	TRUE	FALSE	FALSE	FALSE	FALSE	FALSE	FALSE	FALSE	FALSE	FALSE	FALSE	TRUE	TRUE	FALSE	FALSE	FALSE	TRUE	FALSE	FALSE	FALSE	FALSE		FALSE	
Homo sapiens	Human	Flaviviridae	Flavivirus	Dengue virus	1	1	1	IV	A	RNA	TRUE	FALSE	FALSE	FALSE	TRUE	FALSE	TRUE	FALSE	FALSE	FALSE	FALSE	FALSE	FALSE	FALSE	FALSE	FALSE	FALSE	TRUE	FALSE	FALSE	TRUE	FALSE	FALSE	FALSE	FALSE		FALSE	
Homo sapiens	Human	Flaviviridae	Flavivirus	Japanese encephalitis virus	1	1	1	IV	B	RNA	TRUE	FALSE	FALSE	FALSE	TRUE	FALSE	TRUE	FALSE	FALSE	FALSE	FALSE	FALSE	FALSE	FALSE	FALSE	FALSE	FALSE	TRUE	FALSE	FALSE	TRUE	FALSE	FALSE	FALSE	FALSE		FALSE	
Homo sapiens	Human	Flaviviridae	Flavivirus	Louping ill virus	1	1	1	IV		RNA	TRUE	FALSE	FALSE	FALSE	TRUE	FALSE	TRUE	FALSE	FALSE	FALSE	FALSE	FALSE	FALSE	FALSE	FALSE	FALSE	FALSE	FALSE	TRUE	FALSE	TRUE	FALSE	FALSE	FALSE	FALSE		FALSE	
Homo sapiens	Human	Flaviviridae	Flavivirus	Murray valley encephalitis virus	1	1	1	IV		RNA	TRUE	FALSE	FALSE	FALSE	TRUE	FALSE	TRUE	FALSE	FALSE	FALSE	FALSE	FALSE	FALSE	FALSE	FALSE	FALSE	FALSE	TRUE	FALSE	FALSE	TRUE	FALSE	FALSE	FALSE	FALSE		FALSE	
Homo sapiens	Human	Flaviviridae	Flavivirus	Saint Louis encephalitis virus	1	1	1	IV	B	RNA	TRUE	FALSE	FALSE	FALSE	TRUE	FALSE	TRUE	FALSE	FALSE	FALSE	FALSE	FALSE	FALSE	FALSE	FALSE	FALSE	FALSE	TRUE	FALSE	FALSE	TRUE	FALSE	FALSE	FALSE	FALSE		FALSE	
Homo sapiens	Human	Flaviviridae	Flavivirus	Wesselsbron virus	1	1	1	IV		RNA	TRUE	FALSE	FALSE	FALSE	TRUE	FALSE	TRUE	FALSE	FALSE	FALSE	FALSE	FALSE	FALSE	FALSE	FALSE	FALSE	FALSE	TRUE	FALSE	FALSE	TRUE	FALSE	FALSE	FALSE	FALSE		FALSE	
Homo sapiens	Human	Flaviviridae	Flavivirus	West Nile virus	1	1	1	IV	B	RNA	TRUE	FALSE	FALSE	FALSE	TRUE	FALSE	TRUE	FALSE	FALSE	FALSE	FALSE	FALSE	FALSE	FALSE	FALSE	TRUE	FALSE	TRUE	TRUE	FALSE	TRUE	FALSE	FALSE	FALSE	FALSE		FALSE	
Homo sapiens	Human	Flaviviridae	Flavivirus	Yellow fever virus	1	1	1	IV	B	RNA	TRUE	FALSE	FALSE	FALSE	TRUE	FALSE	TRUE	FALSE	FALSE	FALSE	FALSE	FALSE	FALSE	FALSE	FALSE	FALSE	FALSE	TRUE	FALSE	FALSE	TRUE	FALSE	FALSE	FALSE	FALSE		FALSE	
Homo sapiens	Human	Flaviviridae	Flavivirus	Zika virus	1	1	1	IV	B	RNA	TRUE	FALSE	FALSE	FALSE	TRUE	FALSE	TRUE	FALSE	FALSE	TRUE	FALSE	FALSE	FALSE	TRUE	FALSE	TRUE	FALSE	TRUE	FALSE	FALSE	FALSE	FALSE	FALSE	FALSE	FALSE		FALSE	
Homo sapiens	Human	Flaviviridae	Flavivirus	Omsk hemorrhagic fever virus virus	1	1	0	IV	C	RNA	TRUE	FALSE	FALSE	FALSE	TRUE	FALSE	TRUE	FALSE	FALSE	FALSE	FALSE	FALSE	FALSE	FALSE	FALSE	FALSE	FALSE	FALSE	TRUE	FALSE	TRUE	FALSE	FALSE	FALSE	FALSE		FALSE	
Homo sapiens	Human	Flaviviridae	Flavivirus	Alkhurma virus	1	1	0	IV	C	RNA	TRUE	FALSE	FALSE	FALSE	TRUE	FALSE	TRUE	FALSE	FALSE	FALSE	TRUE	FALSE	FALSE	FALSE	FALSE	TRUE	FALSE	FALSE	TRUE	FALSE	FALSE	FALSE	FALSE	FALSE	FALSE		FALSE	
Homo sapiens	Human	Flaviviridae	Flavivirus	Kyasanur Forest virus	1	1	0	IV	C	RNA	TRUE	FALSE	FALSE	FALSE	TRUE	FALSE	TRUE	FALSE	FALSE	FALSE	FALSE	FALSE	FALSE	FALSE	FALSE	FALSE	FALSE	FALSE	TRUE	FALSE	FALSE	FALSE	FALSE	FALSE	FALSE		FALSE	
Homo sapiens	Human	Flaviviridae	Flavivirus	Tickborne encephalitis virus	1	1	0	IV	C	RNA	TRUE	FALSE	FALSE	FALSE	TRUE	FALSE	TRUE	FALSE	FALSE	FALSE	FALSE	FALSE	FALSE	FALSE	FALSE	FALSE	FALSE	FALSE	TRUE	FALSE	TRUE	FALSE	FALSE	FALSE	FALSE		FALSE	
Homo sapiens	Human	Flaviviridae	Hepacivirus	Hepatitis C virus	1	1	0	IV	additional emerging virus	RNA	TRUE	FALSE	FALSE	FALSE	TRUE	FALSE	FALSE	FALSE	FALSE	FALSE	FALSE	FALSE	FALSE	FALSE	FALSE	TRUE	FALSE	FALSE	FALSE	FALSE	FALSE	FALSE	FALSE	FALSE	FALSE		FALSE	
Homo sapiens	Human	Flaviviridae	Pegivirus	Hepatitis G virus	1	1	0	IV		RNA	TRUE	FALSE	FALSE	FALSE	TRUE	FALSE	FALSE	FALSE	FALSE	TRUE	FALSE	FALSE	FALSE	TRUE	FALSE	TRUE	FALSE	FALSE	FALSE	FALSE	FALSE	FALSE	FALSE	FALSE	FALSE		FALSE	
Homo sapiens	Human	Hantaviridae	Orthohantavirus	Sin Nombre orthohantavirus	1	1	1	V	A	RNA	TRUE	FALSE	FALSE	FALSE	TRUE	FALSE	FALSE	FALSE	TRUE	FALSE	FALSE	FALSE	FALSE	FALSE	FALSE	FALSE	FALSE	FALSE	FALSE	FALSE	TRUE	FALSE	FALSE	FALSE	FALSE		FALSE	
Homo sapiens	Human	Hepadnaviridae	Orthohepadnavirus	Hepatitis B virus	1	1	1	VII		DNA	TRUE	FALSE	TRUE	TRUE	TRUE	FALSE	FALSE	FALSE	FALSE	TRUE	FALSE	FALSE	FALSE	TRUE	FALSE	TRUE	TRUE	FALSE	FALSE	FALSE	FALSE	FALSE	FALSE	FALSE	FALSE		FALSE	
Homo sapiens	Human	Hepeviridae	Orthohepevirus	Orthohepevirus A	1	1	1	IV	additional emerging virus	RNA	TRUE	FALSE	FALSE	FALSE	FALSE	TRUE	FALSE	FALSE	FALSE	FALSE	FALSE	FALSE	FALSE	FALSE	FALSE	FALSE	FALSE	FALSE	FALSE	FALSE	TRUE	FALSE	FALSE	FALSE	FALSE		FALSE	
Homo sapiens	Human	Herpesviridae	Simplexvirus	Herpes simplex virus 1	1	1	0	I		DNA	TRUE	FALSE	FALSE	FALSE	TRUE	FALSE	FALSE	FALSE	FALSE	TRUE	FALSE	FALSE	FALSE	TRUE	FALSE	FALSE	TRUE	FALSE	FALSE	FALSE	FALSE	FALSE	FALSE	FALSE	FALSE		FALSE	
Homo sapiens	Human	Herpesviridae	Simplexvirus	Herpes simplex virus 2	1	1	0	I		DNA	TRUE	FALSE	FALSE	FALSE	TRUE	FALSE	FALSE	FALSE	FALSE	TRUE	FALSE	FALSE	FALSE	TRUE	FALSE	FALSE	TRUE	FALSE	FALSE	FALSE	FALSE	FALSE	FALSE	FALSE	FALSE		FALSE	
Homo sapiens	Human	Herpesviridae	Varicellovirus	Human herpes virus 3/varicela-zoster virus	1	1	0	I		DNA	TRUE	FALSE	FALSE	FALSE	TRUE	FALSE	FALSE	TRUE	FALSE	FALSE	FALSE	FALSE	FALSE	FALSE	FALSE	FALSE	FALSE	FALSE	FALSE	FALSE	FALSE	FALSE	FALSE	FALSE	FALSE		FALSE	
Homo sapiens	Human	Herpesviridae	Lymphocryptovirus	Human herpes virus 4/Epstein bar virus	1	1	0	I		DNA	TRUE	FALSE	FALSE	FALSE	TRUE	FALSE	FALSE	FALSE	FALSE	TRUE	FALSE	FALSE	FALSE	FALSE	FALSE	FALSE	TRUE	FALSE	FALSE	FALSE	FALSE	FALSE	FALSE	FALSE	FALSE		FALSE	
Homo sapiens	Human	Herpesviridae	Cytomegalovirus	Human herpes virus 5/cytomegalovirus	1	1	0	I		DNA	TRUE	FALSE	FALSE	FALSE	TRUE	FALSE	FALSE	FALSE	FALSE	TRUE	FALSE	FALSE	TRUE	FALSE	FALSE	TRUE	TRUE	FALSE	FALSE	FALSE	FALSE	FALSE	FALSE	FALSE	FALSE		FALSE	
Homo sapiens	Human	Herpesviridae	Roseolovirus	HHV6	1	1	0	I	additional emerging virus	DNA	TRUE	FALSE	FALSE	FALSE	TRUE	FALSE	FALSE	FALSE	FALSE	FALSE	FALSE	FALSE	FALSE	TRUE	FALSE	FALSE	TRUE	FALSE	FALSE	FALSE	FALSE	FALSE	FALSE	FALSE	FALSE	PMID:15480369	FALSE	
Homo sapiens	Human	Herpesviridae	Roseolovirus	HHV7	1	1	0	I		DNA	TRUE	FALSE	FALSE	FALSE	TRUE	FALSE	FALSE	FALSE	FALSE	FALSE	FALSE	FALSE	FALSE	FALSE	FALSE	FALSE	TRUE	FALSE	FALSE	FALSE	FALSE	FALSE	FALSE	FALSE	FALSE	PMID:15480369	FALSE	
Homo sapiens	Human	Herpesviridae	Rhadinovirus	HHV8	1	1	0	I	additional emerging virus	DNA	TRUE	FALSE	FALSE	FALSE	TRUE	FALSE	FALSE	FALSE	FALSE	TRUE	FALSE	FALSE	FALSE	TRUE	FALSE	FALSE	TRUE	FALSE	FALSE	FALSE	FALSE	FALSE	FALSE	FALSE	FALSE		FALSE	
Homo sapiens	Human	Nairoviridae	Orthonairovirus	Crimean-Congo hemorrhagic fever orthonairovirus	1	1	1	V	A	RNA	TRUE	FALSE	FALSE	FALSE	TRUE	FALSE	TRUE	FALSE	FALSE	FALSE	FALSE	FALSE	FALSE	FALSE	FALSE	FALSE	TRUE	FALSE	TRUE	FALSE	TRUE	FALSE	FALSE	FALSE	FALSE		FALSE	
Homo sapiens	Human	Nairoviridae	Orthonairovirus	Nairobi sheep disease orthonairovirus	1	1	1	V		RNA	TRUE	FALSE	FALSE	FALSE	TRUE	FALSE	TRUE	FALSE	FALSE	FALSE	FALSE	FALSE	FALSE	FALSE	FALSE	FALSE	FALSE	FALSE	TRUE	FALSE	TRUE	FALSE	FALSE	FALSE	FALSE	PMID:25811222	FALSE	
Homo sapiens	Human	Orthomyxoviridae	Alphainfluenzavirus	Influenza A virus	1	1	1	V	C	RNA	FALSE	FALSE	FALSE	TRUE	TRUE	FALSE	FALSE	TRUE	FALSE	FALSE	FALSE	FALSE	FALSE	FALSE	FALSE	FALSE	TRUE	FALSE	FALSE	FALSE	TRUE	FALSE	FALSE	FALSE	FALSE		FALSE	
Homo sapiens	Human	Orthomyxoviridae	Betainfluenzavirus	Influenza B virus	1	1	1	V		RNA	FALSE	FALSE	FALSE	TRUE	TRUE	FALSE	FALSE	TRUE	FALSE	FALSE	FALSE	FALSE	FALSE	FALSE	FALSE	FALSE	TRUE	FALSE	FALSE	FALSE	TRUE	FALSE	FALSE	FALSE	FALSE		FALSE	
Homo sapiens	Human	Orthomyxoviridae	Gammainfluenzavirus	Influenza C virus	1	1	1	V		RNA	FALSE	FALSE	FALSE	TRUE	TRUE	FALSE	FALSE	TRUE	FALSE	FALSE	FALSE	FALSE	FALSE	FALSE	FALSE	FALSE	TRUE	FALSE	FALSE	FALSE	FALSE	FALSE	FALSE	FALSE	FALSE		FALSE	
Homo sapiens	Human	Orthomyxoviridae	Thogotovirus	Thogotovirus	1	1	0	V		RNA	FALSE	FALSE	FALSE	TRUE	TRUE	FALSE	TRUE	FALSE	FALSE	FALSE	FALSE	FALSE	FALSE	FALSE	FALSE	FALSE	FALSE	TRUE	TRUE	FALSE	FALSE	FALSE	FALSE	FALSE	FALSE		FALSE	
Homo sapiens	Human	Orthomyxoviridae	Thogotovirus	Dhori	1	1	0	V		RNA	FALSE	FALSE	FALSE	TRUE	TRUE	FALSE	TRUE	FALSE	FALSE	FALSE	FALSE	FALSE	FALSE	FALSE	FALSE	FALSE	FALSE	TRUE	TRUE	FALSE	FALSE	FALSE	FALSE	FALSE	FALSE		FALSE	
Homo sapiens	Human	Papillomaviridae	Alphapapillomavirus	HPV16	1	1	0	I		DNA	TRUE	FALSE	FALSE	FALSE	FALSE	FALSE	FALSE	FALSE	FALSE	TRUE	FALSE	FALSE	FALSE	FALSE	FALSE	FALSE	TRUE	FALSE	FALSE	FALSE	FALSE	FALSE	FALSE	FALSE	FALSE		FALSE	
Homo sapiens	Human	Papillomaviridae	Alphapapillomavirus	HPV18	1	1	0	I		DNA	TRUE	FALSE	FALSE	FALSE	FALSE	FALSE	FALSE	FALSE	FALSE	TRUE	FALSE	FALSE	FALSE	FALSE	FALSE	FALSE	TRUE	FALSE	FALSE	FALSE	FALSE	FALSE	FALSE	FALSE	FALSE		FALSE	
Homo sapiens	Human	Paramyxoviridae	Rubulavirus	Mumps virus	1	1	0	V		RNA	TRUE	FALSE	TRUE	TRUE	TRUE	FALSE	FALSE	TRUE	FALSE	FALSE	FALSE	FALSE	FALSE	FALSE	FALSE	FALSE	TRUE	FALSE	FALSE	FALSE	FALSE	FALSE	FALSE	FALSE	FALSE		FALSE	
Homo sapiens	Human	Paramyxoviridae	Henipavirus	Nipah virus	1	1	0	V	C	RNA	TRUE	FALSE	TRUE	TRUE	TRUE	FALSE	FALSE	TRUE	FALSE	FALSE	TRUE	FALSE	FALSE	FALSE	FALSE	FALSE	TRUE	FALSE	FALSE	FALSE	TRUE	FALSE	FALSE	FALSE	FALSE		FALSE	
Homo sapiens	Human	Paramyxoviridae	Henipavirus	Hendra virus	1	1	0	V	C	RNA	TRUE	FALSE	TRUE	TRUE	TRUE	FALSE	FALSE	TRUE	FALSE	FALSE	FALSE	FALSE	FALSE	FALSE	FALSE	FALSE	TRUE	FALSE	FALSE	FALSE	TRUE	FALSE	FALSE	FALSE	FALSE		FALSE	
Homo sapiens	Human	Paramyxoviridae	Respirovirus	parainfluenza virus	1	1	0	V		RNA	TRUE	FALSE	TRUE	TRUE	TRUE	FALSE	FALSE	TRUE	FALSE	FALSE	FALSE	FALSE	FALSE	FALSE	FALSE	FALSE	TRUE	FALSE	FALSE	FALSE	FALSE	FALSE	FALSE	FALSE	FALSE		FALSE	
Homo sapiens	Human	Paramyxoviridae	Morbillivirus	measles virus	1	1	0	V	additional emerging virus	RNA	TRUE	FALSE	TRUE	TRUE	TRUE	FALSE	FALSE	TRUE	FALSE	FALSE	FALSE	FALSE	FALSE	FALSE	FALSE	FALSE	TRUE	FALSE	FALSE	FALSE	FALSE	FALSE	FALSE	FALSE	FALSE		FALSE	
Homo sapiens	Human	Paramyxoviridae	Avulavirus	Newcastle diseaes virus	1	1	0	V		RNA	TRUE	FALSE	TRUE	TRUE	TRUE	FALSE	FALSE	FALSE	FALSE	FALSE	FALSE	FALSE	FALSE	FALSE	FALSE	FALSE	TRUE	FALSE	FALSE	FALSE	TRUE	FALSE	FALSE	FALSE	FALSE	PMID: 1025751	FALSE	
Homo sapiens	Human	Pneumoviridae	Orthopneumovirus	Respiratory syncytial virus	1	1	0	V		RNA	TRUE	FALSE	TRUE	TRUE	TRUE	FALSE	FALSE	FALSE	FALSE	FALSE	FALSE	FALSE	FALSE	FALSE	FALSE	FALSE	TRUE	FALSE	FALSE	FALSE	FALSE	FALSE	FALSE	FALSE	FALSE		FALSE	
Homo sapiens	Human	Parvoviridae	Bocaparvovirus	Bocavirus	1	1	0	II		DNA	TRUE	FALSE	FALSE	FALSE	FALSE	TRUE	FALSE	TRUE	FALSE	FALSE	FALSE	FALSE	FALSE	FALSE	FALSE	FALSE	FALSE	FALSE	FALSE	FALSE	FALSE	FALSE	FALSE	FALSE	FALSE		FALSE	
Homo sapiens	Human	Parvoviridae	Erythroparvovirus	B19	1	1	0	II		DNA	TRUE	FALSE	FALSE	FALSE	FALSE	FALSE	FALSE	TRUE	FALSE	FALSE	FALSE	FALSE	FALSE	FALSE	FALSE	TRUE	FALSE	FALSE	FALSE	FALSE	FALSE	FALSE	FALSE	FALSE	FALSE		FALSE	
Homo sapiens	Human	Parvoviridae	Dependoparvovirus	Adeno-associated virus	1	1	0	II		DNA	TRUE	FALSE	FALSE	FALSE	FALSE	FALSE	FALSE	FALSE	FALSE	FALSE	FALSE	FALSE	FALSE	FALSE	FALSE	FALSE	FALSE	FALSE	FALSE	FALSE	FALSE	FALSE	FALSE	FALSE	FALSE		TRUE	Transmission mechanism to humans unclear
Homo sapiens	Human	Peribunyaviridae	Orthobunyavirus	La Crosse	1	1	0	V	B	RNA	TRUE	FALSE	FALSE	FALSE	TRUE	FALSE	TRUE	FALSE	FALSE	FALSE	FALSE	FALSE	FALSE	FALSE	FALSE	FALSE	FALSE	TRUE	FALSE	FALSE	TRUE	FALSE	FALSE	FALSE	FALSE		FALSE	
Homo sapiens	Human	Phenuiviridae	Phlebovirus	Severe Fever with Thrombocytopenia Syndrome virus	1	1	0	V	C	RNA	TRUE	FALSE	FALSE	FALSE	TRUE	FALSE	TRUE	FALSE	FALSE	FALSE	FALSE	FALSE	FALSE	FALSE	FALSE	TRUE	FALSE	FALSE	TRUE	FALSE	FALSE	FALSE	FALSE	FALSE	FALSE		FALSE	
Homo sapiens	Human	Phenuiviridae	Phlebovirus	Heartland virus	1	1	0	V	C	RNA	TRUE	FALSE	FALSE	FALSE	TRUE	FALSE	TRUE	FALSE	FALSE	FALSE	FALSE	FALSE	FALSE	FALSE	FALSE	FALSE	FALSE	FALSE	TRUE	FALSE	FALSE	FALSE	FALSE	FALSE	FALSE		FALSE	
Homo sapiens	Human	Peribunyaviridae	Orthobunyavirus	Cache Valley virus	1	1	0	V		RNA	TRUE	FALSE	FALSE	FALSE	TRUE	FALSE	TRUE	FALSE	FALSE	FALSE	FALSE	FALSE	FALSE	FALSE	FALSE	FALSE	FALSE	TRUE	FALSE	FALSE	FALSE	FALSE	FALSE	FALSE	FALSE		FALSE	
Homo sapiens	Human	Peribunyaviridae	Orthobunyavirus	Jamestown Canyon virus	1	1	0	V		RNA	TRUE	FALSE	FALSE	FALSE	TRUE	FALSE	TRUE	FALSE	FALSE	FALSE	FALSE	FALSE	FALSE	FALSE	FALSE	FALSE	FALSE	TRUE	FALSE	FALSE	TRUE	FALSE	FALSE	FALSE	FALSE		FALSE	
Homo sapiens	Human	Peribunyaviridae	Orthobunyavirus	California encephalitis orthobunyavirus	1	1	1	V	B	RNA	TRUE	FALSE	FALSE	FALSE	TRUE	FALSE	TRUE	FALSE	FALSE	FALSE	FALSE	FALSE	FALSE	FALSE	FALSE	FALSE	FALSE	TRUE	FALSE	FALSE	TRUE	FALSE	FALSE	FALSE	FALSE		FALSE	
Homo sapiens	Human	Phenuiviridae	Phlebovirus	Rift Valley fever phlebovirus	1	1	1	V	A	RNA	TRUE	FALSE	FALSE	FALSE	TRUE	FALSE	TRUE	TRUE	FALSE	FALSE	TRUE	FALSE	FALSE	FALSE	FALSE	FALSE	TRUE	TRUE	FALSE	FALSE	TRUE	FALSE	FALSE	FALSE	FALSE		FALSE	
Homo sapiens	Human	Picornaviridae	Enterovirus	Poliovirus/Enterovirus C	1	1	0	IV	additional emerging virus	RNA	TRUE	FALSE	FALSE	FALSE	FALSE	TRUE	FALSE	FALSE	FALSE	FALSE	FALSE	FALSE	FALSE	FALSE	FALSE	FALSE	FALSE	FALSE	FALSE	FALSE	FALSE	FALSE	FALSE	FALSE	FALSE		FALSE	
Homo sapiens	Human	Picornaviridae	Enterovirus	Rhinovirus A	1	1	1	IV		RNA	TRUE	FALSE	FALSE	FALSE	FALSE	TRUE	FALSE	FALSE	FALSE	FALSE	FALSE	FALSE	FALSE	FALSE	FALSE	FALSE	FALSE	FALSE	FALSE	FALSE	FALSE	FALSE	FALSE	FALSE	FALSE		FALSE	
Homo sapiens	Human	Picornaviridae	Enterovirus	Enterovirus 68	1	1	0	IV	additional emerging virus	RNA	TRUE	FALSE	FALSE	FALSE	FALSE	TRUE	FALSE	FALSE	FALSE	FALSE	FALSE	FALSE	FALSE	FALSE	FALSE	FALSE	FALSE	FALSE	FALSE	FALSE	FALSE	FALSE	FALSE	FALSE	FALSE		FALSE	
Homo sapiens	Human	Picornaviridae	Enterovirus	Enterovirus 71	1	1	0	IV	additional emerging virus	RNA	TRUE	FALSE	FALSE	FALSE	FALSE	TRUE	FALSE	FALSE	FALSE	FALSE	FALSE	FALSE	FALSE	FALSE	FALSE	FALSE	FALSE	FALSE	FALSE	FALSE	FALSE	FALSE	FALSE	FALSE	FALSE		FALSE	
Homo sapiens	Human	Picornaviridae	Hepatovirus	Hepatitis A virus	1	1	0	IV	B	RNA	TRUE	FALSE	FALSE	FALSE	FALSE	TRUE	FALSE	FALSE	FALSE	FALSE	FALSE	FALSE	FALSE	FALSE	FALSE	TRUE	FALSE	FALSE	FALSE	FALSE	TRUE	FALSE	FALSE	FALSE	FALSE		FALSE	
Homo sapiens	Human	Picornaviridae	Cardiovirus	Encephalomyocarditis virus	1	1	0	IV		RNA	TRUE	FALSE	FALSE	FALSE	FALSE	FALSE	FALSE	FALSE	FALSE	FALSE	FALSE	FALSE	FALSE	FALSE	FALSE	FALSE	FALSE	FALSE	FALSE	FALSE	TRUE	FALSE	FALSE	FALSE	FALSE		TRUE	Transmission mechanism to humans unclear
Homo sapiens	Human	Picornaviridae	Aphthovirus	Foot and mouth disease virus	1	1	0	IV		RNA	TRUE	FALSE	FALSE	FALSE	FALSE	FALSE	FALSE	FALSE	FALSE	FALSE	TRUE	FALSE	FALSE	FALSE	FALSE	FALSE	TRUE	FALSE	FALSE	FALSE	FALSE	FALSE	FALSE	FALSE	FALSE		FALSE	
Homo sapiens	Human	Picornaviridae	Enterovirus	Swine vesicular disease virus	1	1	0	IV		RNA	TRUE	FALSE	FALSE	FALSE	FALSE	FALSE	FALSE	FALSE	FALSE	FALSE	FALSE	FALSE	FALSE	FALSE	FALSE	FALSE	FALSE	FALSE	FALSE	FALSE	TRUE	FALSE	FALSE	FALSE	FALSE		TRUE	Transmission mechanism to humans unclear
Homo sapiens	Human	Polyomaviridae	Alphapolyomavirus	Human polyomavirus 2	1	1	1	I	additional emerging virus	DNA	TRUE	FALSE	FALSE	FALSE	FALSE	TRUE	FALSE	FALSE	FALSE	FALSE	FALSE	FALSE	FALSE	FALSE	FALSE	FALSE	TRUE	FALSE	FALSE	FALSE	FALSE	FALSE	FALSE	FALSE	FALSE		FALSE	
Homo sapiens	Human	Polyomaviridae	Betapolyomavirus	Human polyomavirus 5	1	1	1	I		DNA	TRUE	FALSE	FALSE	FALSE	FALSE	FALSE	FALSE	TRUE	FALSE	FALSE	FALSE	FALSE	FALSE	FALSE	FALSE	FALSE	FALSE	FALSE	FALSE	FALSE	FALSE	FALSE	FALSE	FALSE	FALSE		FALSE	
Homo sapiens	Human	Poxviridae	Orthopoxvirus	Smallpox virus	1	1	0	I	A	DNA	FALSE	FALSE	FALSE	TRUE	TRUE	FALSE	FALSE	TRUE	FALSE	FALSE	FALSE	FALSE	FALSE	TRUE	FALSE	FALSE	TRUE	FALSE	FALSE	FALSE	FALSE	FALSE	FALSE	FALSE	FALSE		FALSE	
Homo sapiens	Human	Poxviridae	Parapoxvirus	Bovine papular stomatitis virus	1	1	1	I		DNA	FALSE	FALSE	FALSE	TRUE	TRUE	FALSE	FALSE	FALSE	FALSE	FALSE	FALSE	FALSE	FALSE	FALSE	FALSE	FALSE	FALSE	FALSE	FALSE	FALSE	TRUE	FALSE	FALSE	FALSE	FALSE		TRUE	Transmission mechanism to humans unclear
Homo sapiens	Human	Poxviridae	Molluscipoxvirus	Molluscum contagiosum	1	1	0	I		DNA	FALSE	FALSE	FALSE	TRUE	TRUE	FALSE	FALSE	FALSE	FALSE	TRUE	FALSE	FALSE	FALSE	FALSE	FALSE	FALSE	TRUE	FALSE	FALSE	FALSE	FALSE	FALSE	FALSE	FALSE	FALSE		FALSE	
Homo sapiens	Human	Poxviridae	Orthopoxvirus	Cowpox	1	1	0	I		DNA	FALSE	FALSE	FALSE	TRUE	TRUE	FALSE	FALSE	FALSE	FALSE	FALSE	FALSE	FALSE	FALSE	FALSE	FALSE	FALSE	TRUE	FALSE	FALSE	FALSE	TRUE	FALSE	FALSE	FALSE	FALSE		FALSE	
Homo sapiens	Human	Poxviridae	Parapoxvirus	Pseudocowpox	1	1	0	I		DNA	FALSE	FALSE	FALSE	TRUE	TRUE	FALSE	FALSE	FALSE	FALSE	FALSE	FALSE	FALSE	FALSE	FALSE	FALSE	FALSE	TRUE	FALSE	FALSE	FALSE	TRUE	FALSE	FALSE	FALSE	FALSE		FALSE	
Homo sapiens	Human	Poxviridae	Orthopoxvirus	Vaccinia	1	1	0	I		DNA	FALSE	FALSE	FALSE	TRUE	TRUE	FALSE	FALSE	FALSE	FALSE	FALSE	FALSE	FALSE	FALSE	FALSE	FALSE	FALSE	TRUE	FALSE	FALSE	FALSE	TRUE	FALSE	FALSE	FALSE	FALSE		FALSE	
Homo sapiens	Human	Poxviridae	Orthopoxvirus	Monkeypox virus	1	1	1	I		DNA	FALSE	FALSE	FALSE	TRUE	TRUE	FALSE	FALSE	TRUE	FALSE	FALSE	FALSE	FALSE	FALSE	FALSE	FALSE	FALSE	TRUE	FALSE	FALSE	FALSE	TRUE	FALSE	FALSE	FALSE	FALSE		FALSE	
Homo sapiens	Human	Poxviridae	Parapoxvirus	Orf virus	1	1	1	I		DNA	FALSE	FALSE	FALSE	TRUE	TRUE	FALSE	FALSE	FALSE	FALSE	FALSE	FALSE	FALSE	FALSE	FALSE	FALSE	FALSE	TRUE	FALSE	FALSE	FALSE	TRUE	FALSE	FALSE	FALSE	FALSE		FALSE	
Homo sapiens	Human	Redondoviridae		sp	0	0	0	II		DNA	?	FALSE	FALSE	FALSE	?	FALSE	FALSE	FALSE	FALSE	FALSE	FALSE	FALSE	FALSE	FALSE	FALSE	FALSE	FALSE	FALSE	FALSE	FALSE	FALSE	FALSE	FALSE	FALSE	FALSE		TRUE	Transmission mechanism to humans unclear
Homo sapiens	Human	Reoviridae	Coltivirus	Colorado tick fever virus	1	1	1	III		RNA	TRUE	FALSE	FALSE	FALSE	FALSE	FALSE	TRUE	FALSE	FALSE	FALSE	FALSE	FALSE	FALSE	FALSE	FALSE	FALSE	FALSE	FALSE	TRUE	FALSE	TRUE	FALSE	FALSE	FALSE	FALSE		FALSE	
Homo sapiens	Human	Reoviridae	Rotavirus	Rotavirus A	1	1	1	III		RNA	TRUE	FALSE	FALSE	FALSE	FALSE	TRUE	FALSE	FALSE	FALSE	FALSE	FALSE	FALSE	FALSE	FALSE	FALSE	FALSE	FALSE	FALSE	FALSE	FALSE	FALSE	FALSE	FALSE	FALSE	FALSE		FALSE	
Homo sapiens	Human	Reoviridae	Rotavirus	Rotavirus B	1	1	1	III		RNA	TRUE	FALSE	FALSE	FALSE	FALSE	TRUE	FALSE	FALSE	FALSE	FALSE	FALSE	FALSE	FALSE	FALSE	FALSE	FALSE	FALSE	FALSE	FALSE	FALSE	FALSE	FALSE	FALSE	FALSE	FALSE		FALSE	
Homo sapiens	Human	Reoviridae	Rotavirus	Rotavirus C	1	1	1	III		RNA	TRUE	FALSE	FALSE	FALSE	FALSE	TRUE	FALSE	FALSE	FALSE	FALSE	FALSE	FALSE	FALSE	FALSE	FALSE	FALSE	FALSE	FALSE	FALSE	FALSE	FALSE	FALSE	FALSE	FALSE	FALSE		FALSE	
Homo sapiens	Human	Retroviridae	Lentivirus	HIV	1	1	0	VI		RNA	TRUE	FALSE	FALSE	FALSE	TRUE	FALSE	FALSE	FALSE	FALSE	TRUE	FALSE	FALSE	TRUE	TRUE	FALSE	TRUE	FALSE	FALSE	FALSE	FALSE	TRUE	FALSE	FALSE	FALSE	FALSE		FALSE	
Homo sapiens	Human	Retroviridae	Deltaretrovirus	HTLV	1	1	0	VI		RNA	TRUE	FALSE	FALSE	FALSE	TRUE	FALSE	FALSE	FALSE	FALSE	TRUE	FALSE	FALSE	TRUE	FALSE	FALSE	TRUE	FALSE	FALSE	FALSE	FALSE	FALSE	FALSE	FALSE	FALSE	FALSE		FALSE	
Homo sapiens	Human	Retroviridae	Simiispumavirus	Rhesus macaque simian foamy virus	1	1	1	VI		RNA	TRUE	FALSE	FALSE	FALSE	TRUE	FALSE	FALSE	FALSE	FALSE	FALSE	TRUE	TRUE	FALSE	FALSE	FALSE	FALSE	TRUE	FALSE	FALSE	FALSE	FALSE	FALSE	FALSE	FALSE	FALSE	PMID: 29197389	FALSE	
Homo sapiens	Human	Rhabdoviridae	Lyssavirus	Australian bat lyssavirus	1	1	1	V	additional emerging virus	RNA	FALSE	TRUE	FALSE	FALSE	TRUE	FALSE	FALSE	FALSE	FALSE	FALSE	FALSE	TRUE	FALSE	FALSE	FALSE	FALSE	FALSE	FALSE	FALSE	FALSE	FALSE	FALSE	FALSE	FALSE	FALSE		FALSE	
Homo sapiens	Human	Rhabdoviridae	Lyssavirus	Rabies virus	1	1	0	V	C	RNA	FALSE	TRUE	FALSE	FALSE	TRUE	FALSE	FALSE	FALSE	FALSE	FALSE	FALSE	TRUE	FALSE	FALSE	FALSE	TRUE	FALSE	FALSE	FALSE	FALSE	TRUE	FALSE	FALSE	FALSE	FALSE		FALSE	
Homo sapiens	Human	Rhabdoviridae	Vesiculovirus	Vesicular stomatitis virus	1	1	0	V		RNA	FALSE	TRUE	FALSE	FALSE	TRUE	FALSE	TRUE	FALSE	FALSE	FALSE	FALSE	FALSE	FALSE	FALSE	FALSE	FALSE	FALSE	FALSE	FALSE	TRUE	TRUE	FALSE	FALSE	FALSE	FALSE		FALSE	
Homo sapiens	Human	Togaviridae	Alphavirus	Eastern equine encephalitis virus	1	1	1	IV	B	RNA	TRUE	FALSE	FALSE	FALSE	TRUE	FALSE	TRUE	FALSE	FALSE	FALSE	FALSE	FALSE	FALSE	FALSE	FALSE	FALSE	FALSE	TRUE	FALSE	FALSE	TRUE	FALSE	FALSE	FALSE	FALSE		FALSE	
Homo sapiens	Human	Togaviridae	Alphavirus	Chikungunya virus	1	1	1	IV	B	RNA	TRUE	FALSE	FALSE	FALSE	TRUE	FALSE	TRUE	FALSE	FALSE	FALSE	FALSE	FALSE	FALSE	FALSE	FALSE	FALSE	FALSE	TRUE	FALSE	FALSE	FALSE	FALSE	FALSE	FALSE	FALSE		FALSE	
Homo sapiens	Human	Togaviridae	Rubivirus	Rubella virus	1	1	1	IV		RNA	TRUE	FALSE	FALSE	FALSE	TRUE	FALSE	FALSE	TRUE	FALSE	FALSE	FALSE	FALSE	FALSE	TRUE	FALSE	FALSE	FALSE	FALSE	FALSE	FALSE	FALSE	FALSE	FALSE	FALSE	FALSE		FALSE	
Homo sapiens	Human	Togaviridae	Alphavirus	Venezuelan equine encephalitis virus	1	1	1	IV	B	RNA	TRUE	FALSE	FALSE	FALSE	TRUE	FALSE	TRUE	FALSE	FALSE	FALSE	FALSE	FALSE	FALSE	FALSE	FALSE	FALSE	FALSE	TRUE	FALSE	FALSE	TRUE	FALSE	FALSE	FALSE	FALSE		FALSE	
Homo sapiens	Human	Togaviridae	Alphavirus	Western equine encephalitis virus	1	1	1	IV	B	RNA	TRUE	FALSE	FALSE	FALSE	TRUE	FALSE	TRUE	FALSE	FALSE	FALSE	FALSE	FALSE	FALSE	FALSE	FALSE	FALSE	FALSE	TRUE	FALSE	FALSE	TRUE	FALSE	FALSE	FALSE	FALSE		FALSE	
Sus scrofa	Pig	Adenoviridae	Mastadenovirus	Porcine mastadenovirus A	1	1	1	I		DNA	TRUE	FALSE	FALSE	FALSE	FALSE	TRUE	FALSE	FALSE	FALSE	FALSE	FALSE	FALSE	FALSE	FALSE	FALSE	FALSE	FALSE	FALSE	FALSE	FALSE	FALSE	FALSE	FALSE	FALSE	FALSE		FALSE	
Sus scrofa	Pig	Adenoviridae	Mastadenovirus	Porcine mastadenovirus B	1	1	1	I		DNA	TRUE	FALSE	FALSE	FALSE	FALSE	TRUE	FALSE	FALSE	FALSE	FALSE	FALSE	FALSE	FALSE	FALSE	FALSE	FALSE	FALSE	FALSE	FALSE	FALSE	FALSE	FALSE	FALSE	FALSE	FALSE		FALSE	
Sus scrofa	Pig	Adenoviridae	Mastadenovirus	Porcine mastadenovirus C	1	1	1	I		DNA	TRUE	FALSE	FALSE	FALSE	FALSE	TRUE	FALSE	FALSE	FALSE	FALSE	FALSE	FALSE	FALSE	FALSE	FALSE	FALSE	FALSE	FALSE	FALSE	FALSE	FALSE	FALSE	FALSE	FALSE	FALSE		FALSE	
Sus scrofa	Pig	Arenaviridae	Mammarenavirus	Lymphocytic choriomeningitis mammarenavirus	1	1	1	V		RNA	TRUE	FALSE	TRUE	TRUE	TRUE	FALSE	FALSE	TRUE	FALSE	FALSE	FALSE	FALSE	FALSE	FALSE	FALSE	FALSE	TRUE	FALSE	FALSE	FALSE	FALSE	FALSE	FALSE	FALSE	FALSE		FALSE	
Sus scrofa	Pig	Arteriviridae	Betaarterivirus	Betaarterivirus suid 1	1	1	1	IV		RNA	TRUE	FALSE	FALSE	FALSE	TRUE	FALSE	FALSE	TRUE	FALSE	FALSE	FALSE	FALSE	FALSE	FALSE	FALSE	FALSE	FALSE	FALSE	FALSE	FALSE	FALSE	FALSE	FALSE	FALSE	FALSE		FALSE	
Sus scrofa	Pig	Asfarviridae	Asfivirus	African swine fever virus	1	1	1	I		DNA	TRUE	FALSE	FALSE	TRUE	TRUE	FALSE	TRUE	FALSE	FALSE	FALSE	FALSE	FALSE	FALSE	FALSE	FALSE	FALSE	FALSE	FALSE	TRUE	FALSE	FALSE	FALSE	FALSE	FALSE	FALSE		FALSE	
Sus scrofa	Pig	Astroviridae	Mamastrovirus	Porcine astrovirus	1	1	0	IV		RNA	TRUE	FALSE	FALSE	FALSE	FALSE	TRUE	FALSE	FALSE	FALSE	FALSE	FALSE	FALSE	FALSE	FALSE	FALSE	FALSE	FALSE	FALSE	FALSE	FALSE	FALSE	FALSE	FALSE	FALSE	FALSE		FALSE	
Sus scrofa	Pig	Caliciviridae	Vesivirus	Vesicular exanthema of swine virus	1	1	1	IV		RNA	TRUE	FALSE	FALSE	FALSE	FALSE	FALSE	FALSE	FALSE	FALSE	FALSE	TRUE	FALSE	FALSE	FALSE	FALSE	FALSE	TRUE	FALSE	FALSE	FALSE	FALSE	FALSE	FALSE	FALSE	FALSE		FALSE	
Sus scrofa	Pig	Hepeviridae	Orthohepevirus	Orthohepevirus A	1	1	1	IV		RNA	TRUE	FALSE	FALSE	FALSE	FALSE	FALSE	FALSE	FALSE	FALSE	FALSE	FALSE	FALSE	FALSE	FALSE	FALSE	FALSE	FALSE	FALSE	FALSE	FALSE	FALSE	FALSE	FALSE	FALSE	FALSE		FALSE	
Sus scrofa	Pig	Caliciviridae	Vesivirus	Porcine enteric calicivirus	1	1	0	IV		RNA	TRUE	FALSE	FALSE	FALSE	FALSE	TRUE	FALSE	FALSE	FALSE	FALSE	FALSE	FALSE	FALSE	FALSE	FALSE	FALSE	FALSE	FALSE	FALSE	FALSE	FALSE	FALSE	FALSE	FALSE	FALSE	PMID: 15161971	FALSE	
Sus scrofa	Pig	Circoviridae	Circovirus	Porcine circovirus	1	1	0	II		DNA	TRUE	FALSE	FALSE	FALSE	FALSE	FALSE	FALSE	FALSE	FALSE	FALSE	FALSE	FALSE	FALSE	FALSE	FALSE	FALSE	TRUE	FALSE	FALSE	FALSE	FALSE	FALSE	FALSE	FALSE	FALSE		FALSE	
Sus scrofa	Pig	Coronaviridae	Alphacoronavirus	Porcine epidemic diarrhea virus	1	1	1	IV		RNA	TRUE	FALSE	FALSE	FALSE	TRUE	TRUE	FALSE	FALSE	FALSE	FALSE	TRUE	FALSE	FALSE	FALSE	FALSE	FALSE	FALSE	FALSE	FALSE	FALSE	FALSE	FALSE	FALSE	FALSE	FALSE	PMID:26689811	FALSE	
Sus scrofa	Pig	Coronaviridae	Deltacoronavirus	Porcine deltacoronavirus	1	1	0	IV		RNA	TRUE	FALSE	FALSE	FALSE	TRUE	FALSE	FALSE	FALSE	FALSE	FALSE	TRUE	FALSE	FALSE	FALSE	FALSE	FALSE	FALSE	FALSE	FALSE	FALSE	FALSE	FALSE	FALSE	FALSE	FALSE	PMID:27270129 	FALSE	
Sus scrofa	Pig	Coronaviridae	Alphacoronavirus	Transmissible gastroenteritis virus	1	1	0	IV		RNA	TRUE	FALSE	FALSE	FALSE	TRUE	FALSE	FALSE	FALSE	FALSE	FALSE	FALSE	FALSE	FALSE	FALSE	FALSE	FALSE	FALSE	FALSE	FALSE	FALSE	FALSE	FALSE	FALSE	FALSE	FALSE		TRUE	Transmission mechanism unclear
Sus scrofa	Pig	Coronaviridae	Betacoronavirus	Porcine hemagglutinating encephalomyelitis virus	1	1	0	IV		RNA	TRUE	FALSE	FALSE	FALSE	TRUE	FALSE	FALSE	FALSE	FALSE	FALSE	FALSE	FALSE	FALSE	FALSE	FALSE	FALSE	FALSE	FALSE	FALSE	FALSE	FALSE	FALSE	FALSE	FALSE	FALSE		TRUE	Transmission mechanism unclear
Sus scrofa	Pig	Flaviviridae	Flavivirus	Japanese encephalitis virus	1	1	1	IV		RNA	TRUE	FALSE	FALSE	FALSE	TRUE	FALSE	TRUE	FALSE	FALSE	FALSE	FALSE	FALSE	FALSE	FALSE	FALSE	FALSE	FALSE	TRUE	FALSE	FALSE	FALSE	FALSE	FALSE	FALSE	FALSE		FALSE	
Sus scrofa	Pig	Flaviviridae	Flavivirus	Louping ill virus	1	1	1	IV		RNA	TRUE	FALSE	FALSE	FALSE	TRUE	FALSE	TRUE	FALSE	FALSE	FALSE	FALSE	FALSE	FALSE	FALSE	FALSE	FALSE	FALSE	FALSE	TRUE	FALSE	FALSE	FALSE	FALSE	FALSE	FALSE		FALSE	
Sus scrofa	Pig	Flaviviridae	Pestivirus	Classical swine fever virus (hog cholera)	1	1	0	IV		RNA	TRUE	FALSE	FALSE	FALSE	TRUE	FALSE	FALSE	TRUE	FALSE	FALSE	TRUE	FALSE	FALSE	FALSE	FALSE	FALSE	TRUE	FALSE	FALSE	FALSE	FALSE	FALSE	FALSE	FALSE	FALSE	PMID: 28430168	FALSE	
Sus scrofa	Pig	Hepeviridae	Orthohepevirus	Orthohepevirus	1	1	0	IV		RNA	TRUE	FALSE	FALSE	FALSE	FALSE	TRUE	FALSE	FALSE	FALSE	FALSE	FALSE	FALSE	FALSE	FALSE	FALSE	FALSE	FALSE	FALSE	FALSE	FALSE	FALSE	FALSE	FALSE	FALSE	FALSE		FALSE	
Sus scrofa	Pig	Herpesviridae	Varicellovirus	Pseudorabies virus/Suid herpesvirus 1	1	1	0	I		DNA	TRUE	FALSE	FALSE	FALSE	TRUE	FALSE	FALSE	TRUE	FALSE	TRUE	FALSE	FALSE	FALSE	FALSE	FALSE	FALSE	FALSE	FALSE	FALSE	FALSE	FALSE	FALSE	FALSE	FALSE	FALSE		FALSE	
Sus scrofa	Pig	Orthomyxoviridae	Alphainfluenzavirus	Swine influenza A	1	1	0	V		RNA	FALSE	FALSE	FALSE	TRUE	TRUE	FALSE	FALSE	TRUE	FALSE	FALSE	FALSE	FALSE	FALSE	FALSE	FALSE	FALSE	FALSE	FALSE	FALSE	FALSE	FALSE	FALSE	FALSE	FALSE	FALSE		FALSE	
Sus scrofa	Pig	Orthomyxoviridae	Gammainfluenzavirus	Influenza C virus	1	1	1	V		RNA	FALSE	FALSE	FALSE	TRUE	TRUE	FALSE	FALSE	TRUE	FALSE	FALSE	FALSE	FALSE	FALSE	FALSE	FALSE	FALSE	FALSE	FALSE	FALSE	FALSE	FALSE	FALSE	FALSE	FALSE	FALSE		FALSE	
Sus scrofa	Pig	Paramyxoviridae	Henipavirus	Nipah virus	1	1	0	V		RNA	TRUE	FALSE	TRUE	TRUE	TRUE	FALSE	FALSE	FALSE	FALSE	FALSE	FALSE	FALSE	FALSE	FALSE	FALSE	FALSE	FALSE	FALSE	FALSE	FALSE	FALSE	FALSE	FALSE	FALSE	FALSE		TRUE	Transmission mechanism unclear
Sus scrofa	Pig	Paramyxoviridae	Morbillivirus	Rinderpest	1	1	0	V		RNA	TRUE	FALSE	TRUE	TRUE	TRUE	FALSE	FALSE	TRUE	FALSE	FALSE	TRUE	FALSE	FALSE	FALSE	FALSE	FALSE	FALSE	FALSE	FALSE	FALSE	FALSE	FALSE	FALSE	FALSE	FALSE		FALSE	
Sus scrofa	Pig	Parvoviridae	Protoparvovirus	Porcine parvovirus	1	1	0	II		DNA	TRUE	FALSE	FALSE	FALSE	FALSE	FALSE	FALSE	FALSE	FALSE	FALSE	FALSE	FALSE	FALSE	TRUE	FALSE	FALSE	TRUE	FALSE	FALSE	FALSE	FALSE	FALSE	FALSE	FALSE	FALSE	Â PMIDÂ 1645596.	FALSE	
Sus scrofa	Pig	Picornaviridae	Senecavirus	Seneca Valley virus	1	1	0	IV		RNA	TRUE	FALSE	FALSE	FALSE	FALSE	FALSE	FALSE	FALSE	FALSE	FALSE	FALSE	FALSE	FALSE	FALSE	FALSE	FALSE	FALSE	FALSE	FALSE	FALSE	FALSE	FALSE	FALSE	FALSE	FALSE		TRUE	Transmission mechanism unclear
Sus scrofa	Pig	Picornaviridae	Cardiovirus	Encephalomyocarditis virus	1	1	0	IV		RNA	TRUE	FALSE	FALSE	FALSE	FALSE	FALSE	FALSE	FALSE	FALSE	FALSE	TRUE	FALSE	FALSE	FALSE	FALSE	FALSE	FALSE	FALSE	FALSE	FALSE	FALSE	FALSE	FALSE	FALSE	FALSE		FALSE	
Sus scrofa	Pig	Picornaviridae	Aphthovirus	Foot and mouth disease virus	1	1	0	IV		RNA	TRUE	FALSE	FALSE	FALSE	FALSE	FALSE	FALSE	TRUE	FALSE	FALSE	TRUE	FALSE	FALSE	FALSE	FALSE	FALSE	TRUE	FALSE	FALSE	FALSE	FALSE	FALSE	FALSE	FALSE	FALSE		FALSE	
Sus scrofa	Pig	Picornaviridae	Enterovirus	Porcine enterovirus	1	1	0	IV		RNA	TRUE	FALSE	FALSE	FALSE	FALSE	TRUE	FALSE	FALSE	FALSE	FALSE	FALSE	FALSE	FALSE	FALSE	FALSE	FALSE	FALSE	FALSE	FALSE	FALSE	FALSE	FALSE	FALSE	FALSE	FALSE		FALSE	
Sus scrofa	Pig	Picornaviridae	Enterovirus	Swine vesicular disease virus	1	1	0	IV		RNA	TRUE	FALSE	FALSE	FALSE	FALSE	TRUE	FALSE	FALSE	FALSE	FALSE	TRUE	FALSE	FALSE	FALSE	FALSE	FALSE	FALSE	FALSE	FALSE	FALSE	FALSE	FALSE	FALSE	FALSE	FALSE		FALSE	
Sus scrofa	Pig	Poxviridae	Suipoxvirus	Swinepox	1	1	0	I		DNA	FALSE	FALSE	FALSE	TRUE	TRUE	FALSE	TRUE	FALSE	FALSE	FALSE	FALSE	FALSE	FALSE	FALSE	FALSE	FALSE	FALSE	FALSE	FALSE	FALSE	FALSE	FALSE	FALSE	FALSE	TRUE		FALSE	
Sus scrofa	Pig	Poxviridae	Orthopoxvirus	Vaccinia	1	1	0	I		DNA	FALSE	FALSE	FALSE	TRUE	TRUE	FALSE	FALSE	FALSE	FALSE	FALSE	FALSE	FALSE	FALSE	FALSE	FALSE	FALSE	FALSE	FALSE	FALSE	FALSE	FALSE	FALSE	FALSE	FALSE	FALSE		TRUE	Transmission mechanism unclear
Sus scrofa	Pig	Reoviridae	Rotavirus	Rotavirus	1	1	0	III		RNA	TRUE	FALSE	FALSE	FALSE	FALSE	TRUE	FALSE	FALSE	FALSE	FALSE	FALSE	FALSE	FALSE	FALSE	FALSE	FALSE	FALSE	FALSE	FALSE	FALSE	FALSE	FALSE	FALSE	FALSE	FALSE		FALSE	
Sus scrofa	Pig	Retroviridae	Gammaretrovirus	Porcine endogenous retrovirus	1	1	0	VI		RNA	TRUE	FALSE	FALSE	FALSE	TRUE	FALSE	FALSE	FALSE	FALSE	FALSE	FALSE	FALSE	FALSE	FALSE	TRUE	FALSE	FALSE	FALSE	FALSE	FALSE	FALSE	FALSE	FALSE	FALSE	FALSE		FALSE	
Sus scrofa	Pig	Rhabdoviridae	Vesiculovirus	Vesicular stomatitis virus	1	1	0	V		RNA	FALSE	TRUE	FALSE	FALSE	TRUE	FALSE	TRUE	FALSE	FALSE	FALSE	FALSE	FALSE	FALSE	FALSE	FALSE	FALSE	FALSE	FALSE	FALSE	TRUE	FALSE	FALSE	FALSE	FALSE	FALSE		FALSE	
Sus scrofa	Pig	Rhabdoviridae	Lyssavirus	Rabies virus	1	1	0	V		RNA	FALSE	TRUE	FALSE	FALSE	TRUE	FALSE	FALSE	FALSE	FALSE	FALSE	FALSE	TRUE	FALSE	FALSE	FALSE	FALSE	FALSE	FALSE	FALSE	FALSE	FALSE	FALSE	FALSE	FALSE	FALSE		FALSE	
Sus scrofa	Pig	Togaviridae	Alphavirus	Eastern equine encephalitis virus	1	1	1	IV		RNA	TRUE	FALSE	FALSE	FALSE	TRUE	FALSE	TRUE	FALSE	FALSE	FALSE	FALSE	FALSE	FALSE	FALSE	FALSE	FALSE	FALSE	TRUE	FALSE	FALSE	FALSE	FALSE	FALSE	FALSE	FALSE		FALSE	