Host species,Common Name,Virus family,Virus genus,Virus name,Baltimore classification,Category,NucAcid,Spherical,Filamentous,Pleomorphic,Bullet-form,Lipid Envelope,Fecal.Oral,Fecal.Oral.Reference,Arbovirus,Arbovirus.Reference,Inhalation.Aerosols,Inhalation.Aerosols.Reference,Inhalation.Dust,Inhalation.Dust.Reference,Sexual,Sexual.Reference,Eating,Eating.Reference,Oral.Bloodstream,Oral.Bloodstream.Reference,Breastfeeding,Breastfeeding.Reference,Congenital/vertical,Congenital/vertical.Reference,Germ.line,Germ.line.Reference,Blood.Products,Blood.Products.Reference,Contact.Skin.or.Eye,Contact.Skin.or.Eye.Reference
Felis catus,Cat,Astroviridae,Mamastrovirus,Feline astrovirus,IV,,RNA,1,0,0,0,0,1,PMID:24793097,0,PubMedNeg,0,PubMedNeg,0,PubMedNeg,0,PubMedNeg,0,PubMedNeg,0,PubMedNeg,0,PubMedNeg,0,PubMedNeg,0,PubMedNeg,0,PubMedNeg,0,PubMedNeg
Felis catus,Cat,Caliciviridae,Vesivirus,Feline calicivirus,IV,,RNA,1,0,0,0,0,1,PMID: 15123152,0,PubMedNeg,1,"PMID: 15123152, 17296159",0,PubMedNeg,0,PubMedNeg,1,PMID: 17296159,0,PubMedNeg,0,PubMedNeg,0,PMID: 17296159,0,PubMedNeg,0,PubMedNeg,1,PMID: 17296159
Felis catus,Cat,Coronaviridae,Alphacoronavirus,Feline enteric coronavirus,IV,,RNA,1,0,0,0,1,1,"PMID: 18538604, PMID: 15123152",0,PubMedNeg,0,PubMedNeg,0,PubMedNeg,0,PubMedNeg,0,PubMedNeg,0,PubMedNeg,0,PubMedNeg,0,PubMedNeg,0,PubMedNeg,0,PubMedNeg,0,PubMedNeg
Felis catus,Cat,Coronaviridae,Alphacoronavirus,Feline infectious peritonitis virus,IV,,RNA,1,0,0,0,1,1,PMID:18538604,0,PubMedNeg,1,PMID: 25265870,0,PubMedNeg,0,PubMedNeg,0,PubMedNeg,0,PubMedNeg,0,PubMedNeg,0,PubMedNeg,0,PubMedNeg,0,PubMedNeg,0,PubMedNeg
Felis catus,Cat,Herpesviridae,Varicellovirus,Feline Herpes virus 1,I,,DNA,1,0,0,0,1,0,PubMedNeg,0,PubMedNeg,0,PubMedNeg,0,PubMedNeg,0,PubMedNeg,0,PubMedNeg,1,PMID:25010275,0,PubMedNeg,0,PubMedNeg,0,PubMedNeg,0,PubMedNeg,0,PubMedNeg
Felis catus,Cat,Herpesviridae,Varicellovirus,Pseudorabies virus/Suid Herpesvirus 1,I,,DNA,1,0,0,0,1,0,PubMedNeg,0,PubMedNeg,1,PMID: 2186503,0,PubMedNeg,0,PubMedNeg,1,PMID: 2186503,0,PubMedNeg,0,PubMedNeg,0,PubMedNeg,0,PubMedNeg,0,PubMedNeg,1,PMID: 2186503
Felis catus,Cat,Orthomyxoviridae,Alphainfluenzavirus,Influenza A virus,V,,RNA,0,0,0,1,1,0,PubMedNeg,0,PubMedNeg,1,PMID: 29260686,0,PubMedNeg,0,PubMedNeg,1,PMID: 19481042,0,PubMedNeg,0,PubMedNeg,0,PubMedNeg,0,PubMedNeg,0,PubMedNeg,0,PubMedNeg
Felis catus,Cat,Papillomaviridae,Lambdapapillomavirus,Feline papillomavirus,I,,DNA,1,0,0,0,0,0,PubMedNeg,0,PubMedNeg,0,PubMedNeg,0,PubMedNeg,0,PubMedNeg,0,PubMedNeg,0,PubMedNeg,0,PubMedNeg,0,PubMedNeg,0,PubMedNeg,1,PMID:23813815,1,PMID: 25541379
Felis catus,Cat,Parvoviridae,Protoparvovirus,Feline panleukopenia virus,II,,DNA,1,0,0,0,0,1,PMID: 19481033,0,PubMedNeg,0,PubMedNeg,0,PubMedNeg,0,PubMedNeg,0,PubMedNeg,0,PubMedNeg,0,PubMedNeg,1,PMID: 19481033,0,PubMedNeg,0,PubMedNeg,1,PMID: 19481033
Felis catus,Cat,Poxviridae,Orthopoxvirus,Cowpox,I,,DNA,0,0,0,1,1,0,PubMedNeg,0,PubMedNeg,0,PubMedNeg,0,PubMedNeg,0,PubMedNeg,1,PMID:23813814,0,PubMedNeg,0,PubMedNeg,0,PubMedNeg,0,PubMedNeg,0,PubMedNeg,1,"PMID: 17359444, PMID: 12963921"
Felis catus,Cat,Retroviridae,Lentivirus,Feline immunodeficiency virus,VI,,RNA,1,0,0,0,1,0,PubMedNeg,0,PubMedNeg,0,PubMedNeg,0,PubMedNeg,1,PMID: 10213322,0,PubMedNeg,1,PMID: 10213322,1,PMID: 10213322,1,PMID: 10213322,0,PubMedNeg,0,PubMedNeg,0,PubMedNeg
Felis catus,Cat,Retroviridae,Gammaretrovirus,Feline leukemia virus,VI,,RNA,1,0,0,0,1,0,PubMedNeg,1,PMID: 14557874,0,PubMedNeg,0,PubMedNeg,0,PubMedNeg,0,PubMedNeg,1,PMID: 19481036,0,PubMedNeg,0,PubMedNeg,0,PubMedNeg,0,PMID: 26689419,1,PMID: 19481036
Felis catus,Cat,Retroviridae,Felispumavirus,Feline foamy virus,VI,,RNA,1,0,0,0,1,0,PubMedNeg,0,PubMedNeg,0,PubMedNeg,0,PubMedNeg,0,PubMedNeg,1,PMID: 29197389,1,PMID: 29197389,0,PubMedNeg,0,PubMedNeg,0,PubMedNeg,0,PubMedNeg,1,PMID: 29197389
Felis catus,Cat,Rhabdoviridae,Lyssavirus,Rabies virus,V,,RNA,0,1,0,0,1,0,PubMedNeg,0,PubMedNeg,0,PubMedNeg,0,PubMedNeg,0,PubMedNeg,0,PubMedNeg,1,PMID: 11242755,0,PubMedNeg,0,PubMedNeg,0,PubMedNeg,0,PubMedNeg,0,PubMedNeg
Gallus gallus,Chicken,Anelloviridae,Gyrovirus,Chicken anemia virus,I,,DNA,1,0,0,0,0,1,PMID: 18177972,0,PubMedNeg,0,PubMedNeg,0,PubMedNeg,0,PubMedNeg,0,PubMedNeg,0,PubMedNeg,0,PubMedNeg,1,PMID: 18177972,0,PubMedNeg,0,PubMedNeg,1,PMID: 18177972
Gallus gallus,Chicken,Astroviridae,Avastrovirus,"Avian nephritis virus 1,2",IV,,RNA,1,0,0,0,0,1,https://www.merckvetmanual.com/poultry/avian-nephritis-viral-infections/overview-of-avian-nephritis-viral-infections,0,PubMedNeg,0,PubMedNeg,0,PubMedNeg,0,PubMedNeg,0,PubMedNeg,0,PubMedNeg,0,PubMedNeg,1,https://www.merckvetmanual.com/poultry/avian-nephritis-viral-infections/overview-of-avian-nephritis-viral-infections,0,PubMedNeg,0,PubMedNeg,0,PubMedNeg
Gallus gallus,Chicken,Birnaviridae,Avibirnavirus,Infectious bursal disease virus,III,,RNA,1,0,0,0,0,1,PMID: 25892716,0,PubMedNeg,0,PubMedNeg,0,PubMedNeg,0,PubMedNeg,0,PubMedNeg,0,PubMedNeg,0,PubMedNeg,0,PubMedNeg,0,PubMedNeg,0,PubMedNeg,0,PubMedNeg
Gallus gallus,Chicken,Coronaviridae,Gammacoronavirus,Avian infectious bronchitis virus,IV,,RNA,1,0,0,0,1,1,PMID: 10935276,0,PubMedNeg,1,PMID: 10935276,0,PubMedNeg,0,PubMedNeg,1,PMID: 10935276,0,PubMedNeg,0,PubMedNeg,0,PubMedNeg,0,PubMedNeg,0,PubMedNeg,0,PubMedNeg
Gallus gallus,Chicken,Flaviviridae,Flavivirus,St Louis encephalitis virus,IV,,RNA,1,0,0,0,1,0,PubMedNeg,1,PMID: 23474474,0,PubMedNeg,0,PubMedNeg,0,PubMedNeg,0,PubMedNeg,0,PubMedNeg,0,PubMedNeg,0,PubMedNeg,0,PubMedNeg,0,PubMedNeg,0,PubMedNeg
Gallus gallus,Chicken,Hepeviridae,Orthohepevirus,Orthohepevirus B,IV,,RNA,1,0,0,0,0,1,PMID: 28882185,0,PubMedNeg,0,PubMedNeg,0,PubMedNeg,0,PubMedNeg,0,PubMedNeg,0,PubMedNeg,0,PubMedNeg,0,PubMedNeg,0,PubMedNeg,0,PubMedNeg,0,PubMedNeg
Gallus gallus,Chicken,Herpesviridae,Mardivirus,Marek's disease virus,I,,DNA,1,0,0,0,1,0,PubMedNeg,0,PubMedNeg,0,PubMedNeg,1,PMID: 17479368,0,PubMedNeg,0,PubMedNeg,0,PubMedNeg,0,PubMedNeg,0,PubMedNeg,0,PubMedNeg,0,PubMedNeg,0,PubMedNeg
Gallus gallus,Chicken,Orthomyxoviridae,Alphainfluenzavirus,Influenza A virus,V,,RNA,0,0,0,1,1,1,"PMID: 9878612, PMID: 19747706",0,PubMedNeg,1,PMID: 19747706,0,PubMedNeg,0,PubMedNeg,0,PubMedNeg,0,PubMedNeg,0,PubMedNeg,0,PubMedNeg,0,PubMedNeg,0,PubMedNeg,1,PMID: 19747706
Gallus gallus,Chicken,Orthomyxoviridae,Thogotovirus,Batken,V,,RNA,0,0,0,1,1,0,PubMedNeg,1,PMID: 4150914,0,PubMedNeg,0,PubMedNeg,0,PubMedNeg,0,PubMedNeg,0,PubMedNeg,0,PubMedNeg,0,PubMedNeg,0,PubMedNeg,0,PubMedNeg,0,PubMedNeg
Gallus gallus,Chicken,Paramyxoviridae,Avulavirus,Newcastle Disease virus,V,,RNA,1,0,1,1,1,0,PubMedNeg,0,PubMedNeg,0,PubMedNeg,0,PubMedNeg,0,PubMedNeg,0,PubMedNeg,0,PubMedNeg,0,PubMedNeg,0,PubMedNeg,0,PubMedNeg,0,PubMedNeg,1,"PMID: 25568709, PMID: 25105514"
Gallus gallus,Chicken,Picornaviridae,Tremovirus,Avian encephalomyelitis virus,IV,,RNA,1,0,0,0,0,1,"Studies on avian encephalomyelitis. IV Epizootiology BW Calnek, PJ Taylor, M Sevoian - Avian Diseases, 1960",0,PubMedNeg,0,PubMedNeg,0,PubMedNeg,0,PubMedNeg,0,PubMedNeg,0,PubMedNeg,0,PubMedNeg,1,PMID: 26493005,0,PubMedNeg,0,PubMedNeg,0,PubMedNeg
Gallus gallus,Chicken,Poxviridae,Avipoxvirus,Fowlpox,I,,DNA,0,0,0,1,1,0,PubMedNeg,1,"PMID: 230416, Fenner, Frank J.; Gibbs, E. Paul J.; Murphy, Frederick A.; Rott, Rudolph; Studdert, Michael J.; White, David O. (1993). Veterinary Virology (2nd ed.). Academic Press, Inc. ISBN 978-0-12-253056-2",1,"Fenner, Frank J.; Gibbs, E. Paul J.; Murphy, Frederick A.; Rott, Rudolph; Studdert, Michael J.; White, David O. (1993). Veterinary Virology (2nd ed.). Academic Press, Inc. ISBN 978-0-12-253056-2",0,PubMedNeg,0,PubMedNeg,0,PubMedNeg,0,PubMedNeg,0,PubMedNeg,0,PubMedNeg,0,PubMedNeg,1,"Fenner, Frank J.; Gibbs, E. Paul J.; Murphy, Frederick A.; Rott, Rudolph; Studdert, Michael J.; White, David O. (1993). Veterinary Virology (2nd ed.). Academic Press, Inc. ISBN 978-0-12-253056-2",0,PubMedNeg
Gallus gallus,Chicken,Reoviridae,Orthoreovirus,Avian orthoreovirus,III,,RNA,1,0,0,0,0,1,"Fenner, Frank J.; Gibbs, E. Paul J.; Murphy, Frederick A.; Rott, Rudolph; Studdert, Michael J.; White, David O. (1993). Veterinary Virology (2nd ed.). Academic Press, Inc. ISBN 978-0-12-253056-2",0,PubMedNeg,0,PubMedNeg,0,PubMedNeg,0,PubMedNeg,0,PubMedNeg,0,PubMedNeg,0,PubMedNeg,0,PubMedNeg,0,PubMedNeg,0,PubMedNeg,0,PubMedNeg
Gallus gallus,Chicken,Retroviridae,Alpharetrovirus,Avian leukosis virus,VI,,RNA,1,0,0,0,1,0,PubMedNeg,0,PubMedNeg,0,PubMedNeg,0,PubMedNeg,1,PMID: 28662658,0,PubMedNeg,0,PubMedNeg,0,PubMedNeg,1,PMID: 28662658,0,PubMedNeg,0,PubMedNeg,1,PMID:191622
Gallus gallus,Chicken,Togaviridae,Alphavirus,Eastern equine encephalitis virus,IV,,RNA,1,0,0,0,1,0,PubMedNeg,1,PMID: 7707062,0,PubMedNeg,0,PubMedNeg,0,PubMedNeg,0,PubMedNeg,0,PubMedNeg,0,PubMedNeg,0,PubMedNeg,0,PubMedNeg,0,PubMedNeg,0,PubMedNeg
Gallus gallus,Chicken,Togaviridae,Alphavirus,Venezuelan equine encephalitis virus,IV,,RNA,1,0,0,0,1,0,PubMedNeg,1,PMID: 12804375,0,PubMedNeg,0,PubMedNeg,0,PubMedNeg,0,PubMedNeg,0,PubMedNeg,0,PubMedNeg,0,PubMedNeg,0,PubMedNeg,0,PubMedNeg,0,PubMedNeg
Gallus gallus,Chicken,Togaviridae,Alphavirus,Western equine encephalitis virus,IV,,RNA,1,0,0,0,1,0,PubMedNeg,1,PMID: 7616515,0,PubMedNeg,0,PubMedNeg,0,PubMedNeg,0,PubMedNeg,0,PubMedNeg,0,PubMedNeg,0,PubMedNeg,0,PubMedNeg,0,PubMedNeg,0,PubMedNeg
Bos taurus,Cow,Astroviridae,Mamastrovirus,Bovine astrovirus,IV,,RNA,1,0,0,0,0,1,"Fenner, Frank J.; Gibbs, E. Paul J.; Murphy, Frederick A.; Rott, Rudolph; Studdert, Michael J.; White, David O. (1993). Veterinary Virology (2nd ed.). Academic Press, Inc. ISBN 978-0-12-253056-2",0,PubMedNeg,0,PubMedNeg,0,PubMedNeg,0,PubMedNeg,0,PubMedNeg,0,PubMedNeg,0,PubMedNeg,0,PubMedNeg,0,PubMedNeg,0,PubMedNeg,0,PubMedNeg
Bos taurus,Cow,Caliciviridae,Vesivirus,Bovine calicivirus ,IV,,RNA,1,0,0,0,0,1,PMID: 12239283,0,PubMedNeg,0,PubMedNeg,0,PubMedNeg,0,PubMedNeg,0,PubMedNeg,0,PubMedNeg,0,PubMedNeg,0,PubMedNeg,0,PubMedNeg,0,PubMedNeg,0,PubMedNeg
Bos taurus,Cow,Flaviviridae,Flavivirus,Louping ill virus,IV,,RNA,1,0,0,0,1,0,PubMedNeg,1,PMID: 24552787 ,0,PubMedNeg,0,PubMedNeg,0,PubMedNeg,0,PubMedNeg,0,PubMedNeg,0,PubMedNeg,0,PubMedNeg,0,PubMedNeg,0,PubMedNeg,0,PubMedNeg
Bos taurus,Cow,Flaviviridae,Flavivirus,Murray valley encephalitis virus,IV,,RNA,1,0,0,0,1,0,PubMedNeg,1,PMID: 6131919,0,PubMedNeg,0,PubMedNeg,0,PubMedNeg,0,PubMedNeg,0,PubMedNeg,0,PubMedNeg,0,PubMedNeg,0,PubMedNeg,0,PubMedNeg,0,PubMedNeg
Bos taurus,Cow,Flaviviridae,Flavivirus,Wesselsbron virus,IV,,RNA,1,0,0,0,1,0,PubMedNeg,1,PMID: 1964039,0,PubMedNeg,0,PubMedNeg,0,PubMedNeg,0,PubMedNeg,0,PubMedNeg,0,PubMedNeg,0,PubMedNeg,0,PubMedNeg,0,PubMedNeg,0,PubMedNeg
Bos taurus,Cow,Flaviviridae,Pestivirus,Bovine viral diarrhea virus,IV,,RNA,1,0,0,0,1,0,PubMedNeg,0,PubMedNeg,0,PubMedNeg,0,PubMedNeg,1,PMID: 24656648,0,PubMedNeg,0,PubMedNeg,0,PubMedNeg,1,PMID: 12661878,0,PubMedNeg,1,PMID: 8393223,1,PMID: 8393223
Bos taurus,Cow,Flaviviridae,Flavivirus,Tickborne encephalitis virus,IV,,RNA,1,0,0,0,1,0,PubMedNeg,1,PMID: 209613,0,PubMedNeg,0,PubMedNeg,0,PubMedNeg,0,PubMedNeg,0,PubMedNeg,0,PubMedNeg,0,PubMedNeg,0,PubMedNeg,0,PubMedNeg,0,PubMedNeg
Bos taurus,Cow,Hepeviridae,Orthohepevirus,Orthohepevirus A,IV,,RNA,1,0,0,0,0,1,PMID: 21316404,0,PubMedNeg,0,PubMedNeg,0,PubMedNeg,0,PubMedNeg,0,PubMedNeg,0,PubMedNeg,0,PubMedNeg,0,PubMedNeg,0,PubMedNeg,0,PubMedNeg,0,PubMedNeg
Bos taurus,Cow,Herpesviridae,Macavirus,Alcelaphine herpesvirus 1,I,,DNA,1,0,0,0,1,0,PubMedNeg,0,PubMedNeg,1,PMID: 16621344,0,PubMedNeg,0,PubMedNeg,0,PubMedNeg,0,PubMedNeg,0,PubMedNeg,0,PubMedNeg,0,PubMedNeg,0,PubMedNeg,0,PubMedNeg
Bos taurus,Cow,Herpesviridae,Varicellovirus,Bovine herpesvirus 1,I,,DNA,1,0,0,0,1,0,PubMedNeg,0,PubMedNeg,1,PMID: 10925036,0,PubMedNeg,1,PMID: 7610554,0,PubMedNeg,0,PubMedNeg,0,PubMedNeg,1,PMID: 10789518,0,PubMedNeg,0,PubMedNeg,0,PubMedNeg
Bos taurus,Cow,Herpesviridae,Simplexvirus,Bovine herpesvirus 2,I,,DNA,1,0,0,0,1,0,PubMedNeg,0,PubMedNeg,1,PMID: 6282532,0,PubMedNeg,0,PubMedNeg,1,PMID: 6282532,0,PubMedNeg,0,PubMedNeg,0,PubMedNeg,0,PubMedNeg,0,PubMedNeg,0,PubMedNeg
Bos taurus,Cow,Herpesviridae,Varicellovirus,Pseudorabies virus/Suid herpesvirus 1,I,,DNA,1,0,0,0,1,0,PubMedNeg,0,PubMedNeg,1,PMID: 6283959,0,PubMedNeg,0,PubMedNeg,0,PubMedNeg,0,PubMedNeg,0,PubMedNeg,0,PubMedNeg,0,PubMedNeg,0,PubMedNeg,0,PubMedNeg
Bos taurus,Cow,Nairoviridae,Orthonairovirus,Crimean-Congo hemorrhagic fever orthonairovirus,V,,RNA,1,0,0,0,1,0,PubMedNeg,1,PMID: 9379454,0,PubMedNeg,0,PubMedNeg,0,PubMedNeg,0,PubMedNeg,0,PubMedNeg,0,PubMedNeg,0,PubMedNeg,0,PubMedNeg,0,PubMedNeg,0,PubMedNeg
Bos taurus,Cow,Orthomyxoviridae,Thogotovirus,Thogotovirus,V,,RNA,0,0,0,1,1,0,PubMedNeg,1,https://emedicine.medscape.com/article/2500028-overview,0,PubMedNeg,0,PubMedNeg,0,PubMedNeg,0,PubMedNeg,0,PubMedNeg,0,PubMedNeg,0,PubMedNeg,0,PubMedNeg,0,PubMedNeg,1,PMID:27030270
Bos taurus,Cow,Papillomaviridae,Xipapillomavirus,Xipapillomavirus 1,I,,DNA,1,0,0,0,0,0,PubMedNeg,0,PubMedNeg,0,PubMedNeg,0,PubMedNeg,0,PubMedNeg,0,PubMedNeg,0,PubMedNeg,0,PubMedNeg,0,PubMedNeg,0,PubMedNeg,0,PubMedNeg,1,PMID: 7773594
Bos taurus,Cow,Paramyxoviridae,Morbillivirus,Rinderpest morbillivirus,V,,RNA,1,0,1,1,1,0,PubMedNeg,0,PubMedNeg,1,PMID: 9668477,0,PubMedNeg,0,PubMedNeg,0,PubMedNeg,0,PubMedNeg,0,PubMedNeg,0,PubMedNeg,0,PubMedNeg,0,PubMedNeg,1,PMID: 9668477
Bos taurus,Cow,Paramyxoviridae,Respirovirus,Bovine parainfluenza virus,V,,RNA,1,0,1,1,1,0,PubMedNeg,0,PubMedNeg,1,"Fenner, Frank J.; Gibbs, E. Paul J.; Murphy, Frederick A.; Rott, Rudolph; Studdert, Michael J.; White, David O. (1993). Veterinary Virology (2nd ed.). Academic Press, Inc. ISBN 978-0-12-253056-2",0,PubMedNeg,0,PubMedNeg,0,PubMedNeg,0,PubMedNeg,0,PubMedNeg,0,PubMedNeg,0,PubMedNeg,0,PubMedNeg,1,"Fenner, Frank J.; Gibbs, E. Paul J.; Murphy, Frederick A.; Rott, Rudolph; Studdert, Michael J.; White, David O. (1993). Veterinary Virology (2nd ed.). Academic Press, Inc. ISBN 978-0-12-253056-2"
Bos taurus,Cow,Pneumoviridae,Orthopneumovirus,Bovine orthopneumovirus,V,,RNA,1,0,1,1,1,0,PubMedNeg,0,PubMedNeg,1,PMID: 10227122 ,0,PubMedNeg,0,PubMedNeg,0,PubMedNeg,0,PubMedNeg,0,PubMedNeg,0,PubMedNeg,0,PubMedNeg,0,PubMedNeg,0,PubMedNeg
Bos taurus,Cow,Parvoviridae,Bocaparvovirus,Bovine parvovirus,II,,DNA,1,0,0,0,0,1,PMID: 4608633,0,PubMedNeg,0,PubMedNeg,0,PubMedNeg,0,PubMedNeg,0,PubMedNeg,0,PubMedNeg,0,PubMedNeg,1,PMID: 6790919 ,0,PubMedNeg,0,PubMedNeg,0,PubMedNeg
Bos taurus,Cow,Peribunyaviridae,Orthobunyavirus,Cache Valley virus,V,,RNA,1,0,0,0,1,0,PubMedNeg,1,PMID: 29128744,0,PubMedNeg,0,PubMedNeg,0,PubMedNeg,0,PubMedNeg,0,PubMedNeg,0,PubMedNeg,1,PMID: 29128744,0,PubMedNeg,0,PubMedNeg,0,PubMedNeg
Bos taurus,Cow,Peribunyaviridae,Orthobunyavirus,Akabane orthobunyavirus,V,,RNA,1,0,0,0,1,0,PubMedNeg,1,PMID: 25597441,0,PubMedNeg,0,PubMedNeg,0,PubMedNeg,0,PubMedNeg,0,PubMedNeg,0,PubMedNeg,0,PubMedNeg,0,PubMedNeg,0,PubMedNeg,0,PubMedNeg
Bos taurus,Cow,Phenuiviridae,Phlebovirus,Rift Valley fever phlebovirus,V,,RNA,1,0,0,0,1,0,PubMedNeg,1,PMID: 26982443,0,PubMedNeg,0,PubMedNeg,0,PubMedNeg,0,PubMedNeg,0,PubMedNeg,0,PubMedNeg,0,PubMedNeg,0,PubMedNeg,0,PubMedNeg,0,PubMedNeg
Bos taurus,Cow,Picornaviridae,Enterovirus,Bovine enteroviruses,IV,,RNA,1,0,0,0,0,1,PMID: 12089028,0,PubMedNeg,0,PubMedNeg,0,PubMedNeg,0,PubMedNeg,0,PubMedNeg,0,PubMedNeg,0,PubMedNeg,0,PubMedNeg,0,PubMedNeg,0,PubMedNeg,0,PubMedNeg
Bos taurus,Cow,Picornaviridae,Aphthovirus,Bovine rhinoviruses,IV,,RNA,1,0,0,0,0,0,PubMedNeg,0,PubMedNeg,1,PMID: 25789939,0,PubMedNeg,0,PubMedNeg,0,PubMedNeg,0,PubMedNeg,0,PubMedNeg,0,PubMedNeg,0,PubMedNeg,0,PubMedNeg,0,PubMedNeg
Bos taurus,Cow,Picornaviridae,Aphthovirus,Foot and mouth disease virus,IV,,RNA,1,0,0,0,0,0,PubMedNeg,0,PubMedNeg,1,PMID: 29245054,0,PubMedNeg,0,PubMedNeg,1,PMID: 29245054,0,PubMedNeg,0,PubMedNeg,0,PubMedNeg,0,PubMedNeg,0,PubMedNeg,1,PMID: 29245054
Bos taurus,Cow,Poxviridae,Parapoxvirus,Bovine papular stomatitis virus,I,,DNA,0,0,0,1,1,0,PubMedNeg,0,PubMedNeg,0,PubMedNeg,0,PubMedNeg,0,PubMedNeg,0,PubMedNeg,0,PubMedNeg,0,PubMedNeg,0,PubMedNeg,0,PubMedNeg,0,PubMedNeg,1,"Fenner, Frank J.; Gibbs, E. Paul J.; Murphy, Frederick A.; Rott, Rudolph; Studdert, Michael J.; White, David O. (1993). Veterinary Virology (2nd ed.). Academic Press, Inc. ISBN 978-0-12-253056-2"
Bos taurus,Cow,Poxviridae,Capripoxvirus,Lumpy skin disease virus,I,,DNA,0,0,0,1,1,0,PubMedNeg,1,PMID: 21114790,0,PubMedNeg,0,PubMedNeg,0,PubMedNeg,0,PubMedNeg,0,PubMedNeg,0,PubMedNeg,0,PubMedNeg,0,PubMedNeg,0,PubMedNeg,0,PubMedNeg
Bos taurus,Cow,Poxviridae,Parapoxvirus,Parapoxvirus,I,,DNA,0,0,0,1,1,0,PubMedNeg,0,PubMedNeg,0,PubMedNeg,0,PubMedNeg,0,PubMedNeg,0,PubMedNeg,0,PubMedNeg,0,PubMedNeg,0,PubMedNeg,0,PubMedNeg,0,PubMedNeg,1,https://viralzone.expasy.org/150?outline=all_by_species
Bos taurus,Cow,Poxviridae,Parapoxvirus,Pseudocowpox,I,,DNA,0,0,0,1,1,0,PubMedNeg,0,PubMedNeg,0,PubMedNeg,0,PubMedNeg,0,PubMedNeg,0,PubMedNeg,0,PubMedNeg,0,PubMedNeg,0,PubMedNeg,0,PubMedNeg,0,PubMedNeg,1,https://viralzone.expasy.org/150?outline=all_by_species
Bos taurus,Cow,Reoviridae,Orbivirus,Bluetongue virus,III,,RNA,1,0,0,0,0,0,PubMedNeg,1,PMID: 25597441,0,PubMedNeg,0,PubMedNeg,0,PubMedNeg,0,PubMedNeg,0,PubMedNeg,0,PubMedNeg,1,PMID: 24645633,0,PubMedNeg,1,PMID: 26853457 ,1,PMID: 24645633
Bos taurus,Cow,Reoviridae,Orbivirus,Epizootic hemorrhagic disease viruses,III,,RNA,1,0,0,0,0,0,PubMedNeg,1,PMID: 26459518,0,PubMedNeg,0,PubMedNeg,0,PubMedNeg,0,PubMedNeg,0,PubMedNeg,0,PubMedNeg,0,PubMedNeg,0,PubMedNeg,0,PubMedNeg,0,PubMedNeg
Bos taurus,Cow,Retroviridae,Lentivirus,Bovine immunodeficiency virus,VI,,RNA,1,0,0,0,1,0,PubMedNeg,0,PubMedNeg,0,PubMedNeg,0,PubMedNeg,0,PubMedNeg,0,PubMedNeg,0,PubMedNeg,0,PubMedNeg,0,PubMedNeg,0,PubMedNeg,0,PubMedNeg,0,PMID: 10232381
Bos taurus,Cow,Retroviridae,Deltaretrovirus,Bovine leukemia virus,VI,,RNA,1,0,0,0,1,0,PubMedNeg,0,PubMedNeg,0,PubMedNeg,0,PubMedNeg,0,PubMedNeg,0,PubMedNeg,0,PubMedNeg,0,PubMedNeg,1,PMID: 6790919,0,PubMedNeg,1,PMID: 30940091,1,"Fenner, Frank J.; Gibbs, E. Paul J.; Murphy, Frederick A.; Rott, Rudolph; Studdert, Michael J.; White, David O. (1993). Veterinary Virology (2nd ed.). Academic Press, Inc. ISBN 978-0-12-253056-2"
Bos taurus,Cow,Rhabdoviridae,Vesiculovirus,Vesicular stomatitis virus,V,,RNA,0,1,0,0,1,0,PubMedNeg,1,PMID: 16619618,0,PubMedNeg,0,PubMedNeg,0,PubMedNeg,0,PubMedNeg,0,PubMedNeg,0,PubMedNeg,0,PubMedNeg,0,PubMedNeg,0,PubMedNeg,0,PubMedNeg
Bos taurus,Cow,Rhabdoviridae,Lyssavirus,Rabies virus,V,,RNA,0,1,0,0,1,0,PubMedNeg,0,PubMedNeg,0,PubMedNeg,0,PubMedNeg,0,PubMedNeg,0,PubMedNeg,1,PMID: 30607098,0,PubMedNeg,0,PubMedNeg,0,PubMedNeg,0,PubMedNeg,0,PubMedNeg
Bos taurus,Cow,Rhabdoviridae,Ephemerovirus,Bovine ephemeral fever virus,V,,RNA,0,1,0,0,1,0,PubMedNeg,1,PMID: 12442580,0,PubMedNeg,0,PubMedNeg,0,PubMedNeg,0,PubMedNeg,0,PubMedNeg,0,PubMedNeg,0,PubMedNeg,0,PubMedNeg,0,PubMedNeg,0,PubMedNeg
Canis lupus familiaris,Dog,Adenoviridae,Mastadenovirus,Canine mastadenovirus A,I,,DNA,1,0,0,0,0,1,https://www.merck-animal-health-usa.com/dp/3,0,PubMedNeg,0,PubMedNeg,0,PubMedNeg,0,PubMedNeg,0,PubMedNeg,0,PubMedNeg,0,PubMedNeg,0,PubMedNeg,0,PubMedNeg,0,PubMedNeg,0,PubMedNeg
Canis lupus familiaris,Dog,Adenoviridae,Mastadenovirus,Canine adenovirus 2,I,,DNA,1,0,0,0,0,0,PubMedNeg,0,PubMedNeg,1,https://en.wikivet.net/Canine_Adenovirus_2,0,PubMedNeg,0,PubMedNeg,0,PubMedNeg,0,PubMedNeg,0,PubMedNeg,0,PubMedNeg,0,PubMedNeg,0,PubMedNeg,0,PubMedNeg
Canis lupus familiaris,Dog,Arenaviridae,Mammarenavirus,Lymphocytic choriomeningitis mammarenavirus,V,,RNA,1,0,1,1,1,0,PubMedNeg,0,PubMedNeg,1,http://www.cfsph.iastate.edu/FastFacts/pdfs/lymphocytic_choriomeningitis_F.pdf,0,PubMedNeg,0,PubMedNeg,0,PubMedNeg,0,PubMedNeg,0,PubMedNeg,0,PubMedNeg,0,PubMedNeg,0,PubMedNeg,1,http://www.cfsph.iastate.edu/FastFacts/pdfs/lymphocytic_choriomeningitis_F.pdf
Canis lupus familiaris,Dog,Coronaviridae,Alphacoronavirus,Canine enteric coronavirus,IV,,RNA,1,0,0,0,1,1,https://www.merck-animal-health-usa.com/dp/4,0,PubMedNeg,0,PubMedNeg,0,PubMedNeg,0,PubMedNeg,0,PubMedNeg,0,PubMedNeg,0,PubMedNeg,0,PubMedNeg,0,PubMedNeg,0,PubMedNeg,0,PubMedNeg
Canis lupus familiaris,Dog,Coronaviridae,Alphacoronavirus,Canine respiratory coronavirus,IV,,RNA,1,0,0,0,1,0,PubMedNeg,0,PubMedNeg,1,PMID:18501280,0,PubMedNeg,0,PubMedNeg,0,PubMedNeg,0,PubMedNeg,0,PubMedNeg,0,PubMedNeg,0,PubMedNeg,0,PubMedNeg,1,PMID:18501280
Canis lupus familiaris,Dog,Flaviviridae,Flavivirus,Tickborne encephalitis virus,IV,,RNA,1,0,0,0,1,0,PubMedNeg,1,PMID: 29322674,0,PubMedNeg,0,PubMedNeg,0,PubMedNeg,0,PubMedNeg,0,PubMedNeg,0,PubMedNeg,0,PubMedNeg,0,PubMedNeg,0,PubMedNeg,0,PubMedNeg
Canis lupus familiaris,Dog,Herpesviridae,Varicellovirus,Canid alphaherpesvirus 1,I,,DNA,1,0,0,0,1,0,PubMedNeg,0,PubMedNeg,0,PubMedNeg,0,PubMedNeg,0,PubMedNeg,0,PubMedNeg,0,PubMedNeg,0,PubMedNeg,0,PubMedNeg,0,PubMedNeg,0,PubMedNeg,1,https://web.archive.org/web/20060818090931/http://www.ivis.org/advances/Infect_Dis_Carmichael/carmichael/chapter_frm.asp?LA=1
Canis lupus familiaris,Dog,Herpesviridae,Varicellovirus,Pseudorabies virus/Suid Herpesvirus 1,I,,DNA,1,0,0,0,1,1,https://www.merckvetmanual.com/nervous-system/pseudorabies/overview-of-pseudorabies?query=canine%20pseudorabies,0,PubMedNeg,1,Merck Veterinary Manual,0,PubMedNeg,0,PubMedNeg,0,PubMedNeg,0,PubMedNeg,0,PubMedNeg,0,PubMedNeg,0,PubMedNeg,0,PubMedNeg,1,Merck Veterinary Manual
Canis lupus familiaris,Dog,Nairoviridae,Orthonairovirus,Crimean-Congo hemorrhagic fever orthonairovirus,V,,RNA,1,0,0,0,1,0,PubMedNeg,1,PMID: 3101526,0,PubMedNeg,0,PubMedNeg,0,PubMedNeg,0,PubMedNeg,0,PubMedNeg,0,PubMedNeg,0,PubMedNeg,0,PubMedNeg,0,PubMedNeg,0,PubMedNeg
Canis lupus familiaris,Dog,Orthomyxoviridae,Alphainfluenzavirus,Influenza A virus,V,,RNA,0,0,0,1,1,0,PubMedNeg,0,PubMedNeg,1,PMID:28858604 ,0,PubMedNeg,0,PubMedNeg,0,PubMedNeg,0,PubMedNeg,0,PubMedNeg,0,PubMedNeg,0,PubMedNeg,0,PubMedNeg,0,PubMedNeg
Canis lupus familiaris,Dog,Papillomaviridae,Lambdapapillomavirus,Canine papillomavirus,I,,DNA,1,0,0,0,0,0,PubMedNeg,0,PubMedNeg,0,PubMedNeg,0,PubMedNeg,0,PubMedNeg,0,PubMedNeg,0,PubMedNeg,0,PubMedNeg,0,PubMedNeg,0,PubMedNeg,0,PubMedNeg,1,https://www.marvistavet.com/viral-papillomas-canine.pml
Canis lupus familiaris,Dog,Paramyxoviridae,Morbillivirus,Canine distemper virus,V,,RNA,1,0,1,1,1,0,PubMedNeg,0,PubMedNeg,1,"Fenner, Frank J.; Gibbs, E. Paul J.; Murphy, Frederick A.; Rott, Rudolph; Studdert, Michael J.; White, David O. (1993). Veterinary Virology (2nd ed.). Academic Press, Inc. ISBN 978-0-12-253056-2",0,PubMedNeg,0,PubMedNeg,0,PubMedNeg,0,PubMedNeg,0,PubMedNeg,1,PMID: 560815,0,PubMedNeg,0,PubMedNeg,1,"Fenner, Frank J.; Gibbs, E. Paul J.; Murphy, Frederick A.; Rott, Rudolph; Studdert, Michael J.; White, David O. (1993). Veterinary Virology (2nd ed.). Academic Press, Inc. ISBN 978-0-12-253056-2"
Canis lupus familiaris,Dog,Parvoviridae,Bocaparvovirus,Canine minute virus/canine parvovirus 2,II,,DNA,1,0,0,0,0,1,https://www.merckvetmanual.com/digestive-system/diseases-of-the-stomach-and-intestines-in-small-animals/canine-parvovirus,0,PubMedNeg,0,PubMedNeg,0,PubMedNeg,0,PubMedNeg,0,PubMedNeg,0,PubMedNeg,0,PubMedNeg,0,PubMedNeg,0,PubMedNeg,0,PubMedNeg,0,PubMedNeg
Canis lupus familiaris,Dog,Parvoviridae,Protoparvovirus,Canine parvovirus 2,II,,DNA,1,0,0,0,0,1,https://www.merckvetmanual.com/digestive-system/diseases-of-the-stomach-and-intestines-in-small-animals/canine-parvovirus,1,PMID: 24679715,0,PubMedNeg,0,PubMedNeg,0,PubMedNeg,0,PubMedNeg,0,PubMedNeg,0,PubMedNeg,0,PubMedNeg,0,PubMedNeg,0,PubMedNeg,0,PubMedNeg
Canis lupus familiaris,Dog,Phenuiviridae,Phlebovirus,Rift Valley fever phlebovirus,V,,RNA,1,0,0,0,1,0,PubMedNeg,1,PMID: 44038,0,PubMedNeg,0,PubMedNeg,0,PubMedNeg,0,PubMedNeg,0,PubMedNeg,0,PubMedNeg,0,PubMedNeg,0,PubMedNeg,0,PubMedNeg,0,PubMedNeg
Canis lupus familiaris,Dog,Rhabdoviridae,Lyssavirus,Rabies virus,IV,,RNA,0,1,0,0,1,0,PubMedNeg,0,PubMedNeg,0,PubMedNeg,0,PubMedNeg,0,PubMedNeg,0,PubMedNeg,1,PMID: 29430859,0,PubMedNeg,0,PubMedNeg,0,PubMedNeg,0,PubMedNeg,0,PubMedNeg
Equus ferus caballus,Horse,Adenoviridae,Mastadenovirus,Equine mastadenovirus A,I,,DNA,1,0,0,0,0,0,PubMedNeg,0,PubMedNeg,1,https://en.wikivet.net/Equine_Adenovirus,0,PubMedNeg,0,PubMedNeg,0,PubMedNeg,0,PubMedNeg,0,PubMedNeg,0,PubMedNeg,0,PubMedNeg,0,PubMedNeg,1,https://en.wikivet.net/Equine_Adenovirus
Equus ferus caballus,Horse,Adenoviridae,Mastadenovirus,Equine mastadenovirus B,I,,DNA,1,0,0,0,0,1,https://en.wikivet.net/Equine_Adenovirus,0,PubMedNeg,0,PubMedNeg,0,PubMedNeg,0,PubMedNeg,0,PubMedNeg,0,PubMedNeg,0,PubMedNeg,0,PubMedNeg,0,PubMedNeg,0,PubMedNeg,0,PubMedNeg
Equus ferus caballus,Horse,Arteriviridae,Alphaarterivirus,Alphaarterivirus equid,IV,,RNA,1,0,0,0,1,0,PubMedNeg,0,PubMedNeg,1,https://www.merckvetmanual.com/generalized-conditions/equine-viral-arteritis/overview-of-equine-viral-arteritis?query=equine%20arterivirus,0,PubMedNeg,1,https://www.merckvetmanual.com/generalized-conditions/equine-viral-arteritis/overview-of-equine-viral-arteritis?query=equine%20viral%20arteritis,0,PubMedNeg,0,PubMedNeg,0,PubMedNeg,1,https://www.merckvetmanual.com/generalized-conditions/equine-viral-arteritis/overview-of-equine-viral-arteritis?query=equine%20arterivirus,0,PubMedNeg,0,PubMedNeg,0,PubMedNeg
Equus ferus caballus,Horse,Flaviviridae,Flavivirus,Louping ill virus,IV,,RNA,1,0,0,0,1,0,PubMedNeg,1,PMID: 24552787,0,PubMedNeg,0,PubMedNeg,0,PubMedNeg,0,PubMedNeg,0,PubMedNeg,0,PubMedNeg,0,PubMedNeg,0,PubMedNeg,0,PubMedNeg,0,PubMedNeg
Equus ferus caballus,Horse,Flaviviridae,Flavivirus,Murray valley encephalitis virus,IV,,RNA,1,0,0,0,1,0,PubMedNeg,1,PMID: 3038067,0,PubMedNeg,0,PubMedNeg,0,PubMedNeg,0,PubMedNeg,0,PubMedNeg,0,PubMedNeg,0,PubMedNeg,0,PubMedNeg,0,PubMedNeg,0,PubMedNeg
Equus ferus caballus,Horse,Flaviviridae,Flavivirus,West Nile virus,IV,,RNA,1,0,0,0,1,0,PubMedNeg,1,PMID: 15682518,0,PubMedNeg,0,PubMedNeg,0,PubMedNeg,0,PubMedNeg,0,PubMedNeg,0,PubMedNeg,0,PubMedNeg,0,PubMedNeg,0,PubMedNeg,0,PubMedNeg
Equus ferus caballus,Horse,Flaviviridae,Flavivirus,St Louis encephalitis virus,IV,,RNA,1,0,0,0,1,0,PubMedNeg,1,PMID:25229279,0,PubMedNeg,0,PubMedNeg,0,PubMedNeg,0,PubMedNeg,0,PubMedNeg,0,PubMedNeg,0,PubMedNeg,0,PubMedNeg,0,PubMedNeg,0,PubMedNeg
Equus ferus caballus,Horse,Herpesviridae,Varicellovirus,Equine herpesvirus 1,I,,DNA,1,0,0,0,1,0,PubMedNeg,0,PubMedNeg,1,"Fenner, Frank J.; Gibbs, E. Paul J.; Murphy, Frederick A.; Rott, Rudolph; Studdert, Michael J.; White, David O. (1993). Veterinary Virology (2nd ed.). Academic Press, Inc. ISBN 978-0-12-253056-2",0,PubMedNeg,0,PubMedNeg,0,PubMedNeg,0,PubMedNeg,0,PubMedNeg,0,PubMedNeg,0,PubMedNeg,0,PubMedNeg,1,Merck Veterinary Manual
Equus ferus caballus,Horse,Herpesviridae,Varicellovirus,Equine herpesvirus 3,I,,DNA,1,0,0,0,1,0,PubMedNeg,0,PubMedNeg,0,PubMedNeg,0,PubMedNeg,1,"Carter, G.R.; Flores, E.F.; Wise, D.J. (2006). ""Herpesviridae"". A Concise Review of Veterinary Virology.",0,PubMedNeg,0,PubMedNeg,0,PubMedNeg,0,PubMedNeg,0,PubMedNeg,0,PubMedNeg,1,Merck Veterinary Manual
Equus ferus caballus,Horse,Herpesviridae,Varicellovirus,Equine herpesvirus 4,I,,DNA,1,0,0,0,1,0,PubMedNeg,0,PubMedNeg,1,https://www.merckvetmanual.com/respiratory-system/respiratory-diseases-of-horses/equine-herpesvirus-infection?query=equine%20herpesvirus%204,0,PubMedNeg,0,PubMedNeg,0,PubMedNeg,0,PubMedNeg,0,PubMedNeg,0,PubMedNeg,0,PubMedNeg,0,PubMedNeg,0,PubMedNeg
Equus ferus caballus,Horse,Orthomyxoviridae,Alphainfluenzavirus,Influenza A virus,V,,RNA,0,0,0,1,1,0,PubMedNeg,0,PubMedNeg,1,PMID: 11770982,1,Merck Veterinary Manual,0,PubMedNeg,0,PubMedNeg,0,PubMedNeg,0,PubMedNeg,0,PubMedNeg,0,PubMedNeg,0,PubMedNeg,1,PMID:25282321
Equus ferus caballus,Horse,Orthomyxoviridae,Thogotovirus,Thogotovirus,V,,RNA,0,0,0,1,1,0,PubMedNeg,1,"Fenner, Frank J.; Gibbs, E. Paul J.; Murphy, Frederick A.; Rott, Rudolph; Studdert, Michael J.; White, David O. (1993). Veterinary Virology (2nd ed.). Academic Press, Inc. ISBN 978-0-12-253056-2",0,PubMedNeg,0,PubMedNeg,0,PubMedNeg,0,PubMedNeg,0,PubMedNeg,0,PubMedNeg,0,PubMedNeg,0,PubMedNeg,0,PubMedNeg,0,PubMedNeg
Equus ferus caballus,Horse,Orthomyxoviridae,Thogotovirus,Dhori,V,,RNA,0,0,0,1,1,0,PubMedNeg,1,"Fenner, Frank J.; Gibbs, E. Paul J.; Murphy, Frederick A.; Rott, Rudolph; Studdert, Michael J.; White, David O. (1993). Veterinary Virology (2nd ed.). Academic Press, Inc. ISBN 978-0-12-253056-2",0,PubMedNeg,0,PubMedNeg,0,PubMedNeg,0,PubMedNeg,0,PubMedNeg,0,PubMedNeg,0,PubMedNeg,0,PubMedNeg,0,PubMedNeg,0,PubMedNeg
Equus ferus caballus,Horse,Paramyxoviridae,Henipavirus,Hendra virus,V,,RNA,1,0,1,1,1,0,PubMedNeg,0,PubMedNeg,0,PubMedNeg,0,PubMedNeg,0,PubMedNeg,1,PMID: 11061954,0,PubMedNeg,0,PubMedNeg,0,PubMedNeg,0,PubMedNeg,0,PubMedNeg,1,PMID: 11061954
Equus ferus caballus,Horse,Paramyxoviridae,Henipavirus,Nipah virus,V,,RNA,1,0,1,1,1,0,PubMedNeg,0,PubMedNeg,0,PubMedNeg,0,PubMedNeg,0,PubMedNeg,1,Merck Veterinary Manual,0,PubMedNeg,0,PubMedNeg,0,PubMedNeg,0,PubMedNeg,0,PubMedNeg,1,PMID:29035743
Equus ferus caballus,Horse,Picornaviridae,Aphthovirus,"Equine rhinovirus 1,2",IV,,RNA,1,0,0,0,0,0,PubMedNeg,0,PubMedNeg,1,PMID: 30918893,0,PubMedNeg,0,PubMedNeg,0,PubMedNeg,0,PubMedNeg,0,PubMedNeg,0,PubMedNeg,0,PubMedNeg,0,PubMedNeg,0,PubMedNeg
Equus ferus caballus,Horse,Poxviridae,Orthopoxvirus,Horsepox,I,,DNA,0,0,0,1,1,0,PubMedNeg,0,PubMedNeg,0,PubMedNeg,0,PubMedNeg,0,PubMedNeg,0,PubMedNeg,0,PubMedNeg,0,PubMedNeg,0,PubMedNeg,0,PubMedNeg,0,PubMedNeg,1,PMID:29351298
Equus ferus caballus,Horse,Reoviridae,Orbivirus,African horse sickness virus,III,,RNA,1,0,0,0,0,0,PubMedNeg,1,PMID: 28141961,0,PubMedNeg,0,PubMedNeg,0,PubMedNeg,0,PubMedNeg,0,PubMedNeg,0,PubMedNeg,0,PubMedNeg,0,PubMedNeg,0,PubMedNeg,0,PubMedNeg
Equus ferus caballus,Horse,Reoviridae,Orbivirus,Bluetongue virus,III,,RNA,1,0,0,0,0,0,PubMedNeg,1,PMID: 28141961,0,PubMedNeg,0,PubMedNeg,0,PubMedNeg,0,PubMedNeg,0,PubMedNeg,0,PubMedNeg,0,PubMedNeg,0,PubMedNeg,0,PubMedNeg,0,PubMedNeg
Equus ferus caballus,Horse,Reoviridae,Orbivirus,Peruvian horse sickness virus,III,,RNA,1,0,0,0,0,0,PubMedNeg,1,PMID: 24751197,0,PubMedNeg,0,PubMedNeg,0,PubMedNeg,0,PubMedNeg,0,PubMedNeg,0,PubMedNeg,0,PubMedNeg,0,PubMedNeg,0,PubMedNeg,0,PubMedNeg
Equus ferus caballus,Horse,Reoviridae,Rotavirus,Rotavirus,III,,RNA,1,0,0,0,0,1,"Fenner, Frank J.; Gibbs, E. Paul J.; Murphy, Frederick A.; Rott, Rudolph; Studdert, Michael J.; White, David O. (1993). Veterinary Virology (2nd ed.). Academic Press, Inc. ISBN 978-0-12-253056-2",0,PubMedNeg,0,PubMedNeg,0,PubMedNeg,0,PubMedNeg,0,PubMedNeg,0,PubMedNeg,0,PubMedNeg,0,PubMedNeg,0,PubMedNeg,0,PubMedNeg,0,PubMedNeg
Equus ferus caballus,Horse,Retroviridae,Lentivirus,Equine infectious anemia virus,VI,,RNA,1,0,0,0,1,0,PubMedNeg,1,"Fenner, Frank J.; Gibbs, E. Paul J.; Murphy, Frederick A.; Rott, Rudolph; Studdert, Michael J.; White, David O. (1993). Veterinary Virology (2nd ed.). Academic Press, Inc. ISBN 978-0-12-253056-2",0,PubMedNeg,0,PubMedNeg,0,PubMedNeg,0,PubMedNeg,0,PubMedNeg,0,PubMedNeg,0,PubMedNeg,0,PubMedNeg,1,Merck Veterinary Manual,0,PubMedNeg
Equus ferus caballus,Horse,Rhabdoviridae,Lyssavirus,Rabies virus,V,,RNA,0,1,0,0,1,0,PubMedNeg,0,PubMedNeg,0,PubMedNeg,0,PubMedNeg,0,PubMedNeg,0,PubMedNeg,1,PMID: 15991708,0,PubMedNeg,0,PubMedNeg,0,PubMedNeg,0,PubMedNeg,0,PubMedNeg
Equus ferus caballus,Horse,Rhabdoviridae,Vesiculovirus,Vesicular stomatitis virus,V,,RNA,0,1,0,0,1,0,PubMedNeg,1,PMID: 1668681,1,PMID: 3028192,0,PubMedNeg,0,PubMedNeg,0,PubMedNeg,0,PubMedNeg,0,PubMedNeg,0,PubMedNeg,0,PubMedNeg,0,PubMedNeg,0,PMID: 3028192
Equus ferus caballus,Horse,Togaviridae,Alphavirus,Eastern equine encephalitis virus,IV,,RNA,1,0,0,0,1,0,PubMedNeg,1,PMID: 29941031 ,0,PubMedNeg,0,PubMedNeg,0,PubMedNeg,0,PubMedNeg,0,PubMedNeg,0,PubMedNeg,0,PubMedNeg,0,PubMedNeg,0,PubMedNeg,0,PubMedNeg
Equus ferus caballus,Horse,Togaviridae,Alphavirus,Venezuelan equine encephalitis virus,IV,,RNA,1,0,0,0,1,0,PubMedNeg,1,PMID: 4037184,0,PubMedNeg,0,PubMedNeg,0,PubMedNeg,0,PubMedNeg,0,PubMedNeg,0,PubMedNeg,0,PubMedNeg,0,PubMedNeg,0,PubMedNeg,0,PubMedNeg
Equus ferus caballus,Horse,Togaviridae,Alphavirus,Western equine encephalitis virus,IV,,RNA,1,0,0,0,1,0,PubMedNeg,1,PMID: 2863991,0,PubMedNeg,0,PubMedNeg,0,PubMedNeg,0,PubMedNeg,0,PubMedNeg,0,PubMedNeg,0,PubMedNeg,0,PubMedNeg,0,PubMedNeg,0,PubMedNeg
Homo sapiens,Human,Adenoviridae,Mastadenovirus,Human mastadenovirus A,I,,DNA,1,0,0,0,0,0,PubMedNeg,0,PubMedNeg,0,PubMedNeg,0,PubMedNeg,0,PubMedNeg,0,PubMedNeg,0,PubMedNeg,0,PubMedNeg,0,PubMedNeg,0,PubMedNeg,0,PubMedNeg,0,PubMedNeg
Homo sapiens,Human,Adenoviridae,Mastadenovirus,Human mastadenovirus B,I,,DNA,1,0,0,0,0,0,PubMedNeg,0,PubMedNeg,1,PMID:19109466,0,PubMedNeg,0,PubMedNeg,0,PubMedNeg,0,PubMedNeg,0,PubMedNeg,0,PubMedNeg,0,PubMedNeg,0,PubMedNeg,1,PMID:18289721
Homo sapiens,Human,Adenoviridae,Mastadenovirus,Human mastadenovirus C,I,,DNA,1,0,0,0,0,1,PMID: 25252347,0,PubMedNeg,1,PMID 21849694,0,PubMedNeg,0,PubMedNeg,0,PubMedNeg,0,PubMedNeg,0,PubMedNeg,0,PubMedNeg,0,PubMedNeg,0,PubMedNeg,0,PubMedNeg
Homo sapiens,Human,Adenoviridae,Mastadenovirus,Human mastadenovirus D,I,,DNA,1,0,0,0,0,0,PubMedNeg,0,PubMedNeg,0,PubMedNeg,0,PubMedNeg,0,PubMedNeg,1,PMID: 16033453,0,PubMedNeg,0,PubMedNeg,0,PubMedNeg,0,PubMedNeg,0,PubMedNeg,1,PMID: 28915257
Homo sapiens,Human,Adenoviridae,Mastadenovirus,Human mastadenovirus E,I,,DNA,1,0,0,0,0,0,PubMedNeg,0,PubMedNeg,1,https://doi.org/10.1016/j.coviro.2018.01.001,0,PubMedNeg,0,PubMedNeg,0,PubMedNeg,0,PubMedNeg,0,PubMedNeg,0,PubMedNeg,0,PubMedNeg,0,PubMedNeg,1,PMID: 30144556
Homo sapiens,Human,Adenoviridae,Mastadenovirus,Human mastadenovirus F,I,,DNA,1,0,0,0,0,1,PMID: 29404949,0,PubMedNeg,0,PubMedNeg,0,PubMedNeg,0,PubMedNeg,0,PubMedNeg,0,PubMedNeg,0,PubMedNeg,0,PubMedNeg,0,PubMedNeg,0,PubMedNeg,0,PubMedNeg
Homo sapiens,Human,Arenaviridae,Mammarenavirus,Lassa mammarenavirus,V,A,RNA,1,0,1,1,1,0,PubMedNeg,0,PubMedNeg,1,PMID:20071570,1,PMID:20071570,0,PubMedNeg,1,PMID:20071570,0,PubMedNeg,0,PubMedNeg,0,PubMedNeg,0,PubMedNeg,1,PMID: 31002054,0,PubMedNeg
Homo sapiens,Human,Arenaviridae,Mammarenavirus,Argentinian mammarenavirus,V,A,RNA,1,0,1,1,1,0,PubMedNeg,0,PubMedNeg,1,https://www.msdsonline.com/resources/sds-resources/free-safety-data-sheet-index/junin-virus/,0,https://www.msdsonline.com/resources/sds-resources/free-safety-data-sheet-index/junin-virus/,0,PubMedNeg,0,https://www.msdsonline.com/resources/sds-resources/free-safety-data-sheet-index/junin-virus/,0,PubMedNeg,0,PubMedNeg,0,PubMedNeg,0,PubMedNeg,0,https://www.msdsonline.com/resources/sds-resources/free-safety-data-sheet-index/junin-virus/,1,https://www.msdsonline.com/resources/sds-resources/free-safety-data-sheet-index/junin-virus/
Homo sapiens,Human,Arenaviridae,Mammarenavirus,Machupo mammarenavirus,V,A,RNA,1,0,1,1,1,0,PubMedNeg,0,PubMedNeg,0,PubMedNeg,1,PMID:24636947 ,0,PubMedNeg,1,PMID:24636947 ,0,PubMedNeg,0,PubMedNeg,0,PubMedNeg,0,PubMedNeg,1,PMID:24636947 ,0,PubMedNeg
Homo sapiens,Human,Arenaviridae,Mammarenavirus,Guanarito mammarenavirus,V,A,RNA,1,0,1,1,1,0,PubMedNeg,0,PubMedNeg,0,PubMedNeg,1,PMID: 22172205,0,PubMedNeg,0,PubMedNeg,0,PubMedNeg,0,PubMedNeg,0,PubMedNeg,0,PubMedNeg,0,PubMedNeg,0,PubMedNeg
Homo sapiens,Human,Arenaviridae,Mammarenavirus,Chapare mammarenavirus,V,A,RNA,1,0,1,1,1,0,PubMedNeg,0,PubMedNeg,1,PMID: 18417570,0,PubMedNeg,0,PubMedNeg,0,PubMedNeg,0,PubMedNeg,0,PubMedNeg,0,PubMedNeg,0,PubMedNeg,0,PubMedNeg,0,PubMedNeg
Homo sapiens,Human,Arenaviridae,Mammarenavirus,Lujo mammarenavirus,V,A,RNA,1,0,1,1,1,0,PubMedNeg,0,PubMedNeg,0,PubMedNeg,0,PubMedNeg,0,PubMedNeg,0,PubMedNeg,0,PubMedNeg,0,PubMedNeg,0,PubMedNeg,0,PubMedNeg,0,PubMedNeg,1,PMID: 19478873
Homo sapiens,Human,Arenaviridae,Mammarenavirus,Lymphocytic choriomeningitis mammarenavirus,V,,RNA,1,0,1,1,1,0,PubMedNeg,0,PubMedNeg,1,PMID: 21497126,1,PMID: 1636880,0,PubMedNeg,1,PMID:29439402,1,PMID: 25017980,0,PubMedNeg,1,PMID: 16731068,0,PubMedNeg,1,PMID: 17050901,1,PMID: 1636880
Homo sapiens,Human,Astroviridae,Mamastrovirus,Human astrovirus 1-8,IV,,RNA,1,0,0,0,0,1,PMID:113503,0,PubMedNeg,0,PubMedNeg,0,PubMedNeg,0,PubMedNeg,0,PubMedNeg,0,PubMedNeg,0,PubMedNeg,0,PubMedNeg,0,PubMedNeg,0,PubMedNeg,0,PubMedNeg
Homo sapiens,Human,Caliciviridae,Norovirus,Norwalk virus,IV,B,RNA,1,0,0,0,0,1,PMID: 9413535,0,PubMedNeg,1,PMID: 10982072,0,PubMedNeg,0,PubMedNeg,1,PMID: 10753727,0,PubMedNeg,0,PubMedNeg,0,PubMedNeg,0,PubMedNeg,0,PubMedNeg,0,PubMedNeg
Homo sapiens,Human,Caliciviridae,Sapovirus,Sapporo virus,IV,B,RNA,1,0,0,0,0,1,"Barer, Mike. ""Caliciviruses and Astroviruses"". In Greenwood, David (ed.). Medical Microbiology: A Guide to Microbial Infections: pathogenesis, immunity, laboratory diagnosis and control. pp. 579–586.",0,PubMedNeg,1,"Barer, Mike. ""Caliciviruses and Astroviruses"". In Greenwood, David (ed.). Medical Microbiology: A Guide to Microbial Infections: pathogenesis, immunity, laboratory diagnosis and control. pp. 579–586.",0,PubMedNeg,0,PubMedNeg,1,PMID: 22752792,0,PubMedNeg,0,PubMedNeg,0,PubMedNeg,0,PubMedNeg,0,PubMedNeg,0,PubMedNeg
Homo sapiens,Human,Coronaviridae,Betacoronavirus,SARS,IV,C,RNA,1,0,0,0,1,0,PubMedNeg,0,PubMedNeg,1,PMID: 15006983,0,PubMedNeg,0,PMID: 15006983,0,PubMedNeg,0,PubMedNeg,0,PubMedNeg,0,PubMedNeg,0,PubMedNeg,0,PubMedNeg,0,PubMedNeg
Homo sapiens,Human,Coronaviridae,Betacoronavirus,MERS,IV,C,RNA,1,0,0,0,1,0,PubMedNeg,0,PubMedNeg,1,https://www.cdc.gov/coronavirus/mers/about/transmission.html,0,PubMedNeg,0,PubMedNeg,0,PubMedNeg,0,PubMedNeg,0,PubMedNeg,0,PubMedNeg,0,PubMedNeg,0,PubMedNeg,0,PubMedNeg
Homo sapiens,Human,Coronaviridae,Alphacoronavirus,Human cold coronavirus,IV,,RNA,1,0,0,0,1,0,PubMedNeg,0,PubMedNeg,1,PMID:29551135,0,PubMedNeg,0,PubMedNeg,0,PubMedNeg,0,PubMedNeg,0,PubMedNeg,0,PubMedNeg,0,PubMedNeg,0,PubMedNeg,0,PubMedNeg
Homo sapiens,Human,Filoviridae,Ebolavirus,Ebola,V,A,RNA,0,0,1,0,1,0,PubMedNeg,0,PubMedNeg,0,PubMedNeg,0,PubMedNeg,1,PMID:30513823,0,PubMedNeg,0,PubMedNeg,0,PMID:27940938,0,PubMedNeg,0,PubMedNeg,1,PMID:27274594,1,PMID:27274594
Homo sapiens,Human,Filoviridae,Marburgvirus,Marburg,V,A,RNA,0,0,1,0,1,0,PubMedNeg,0,PubMedNeg,1,https://www.afro.who.int/health-topics/marburg-haemorrhagic-fever,0,PubMedNeg,0,PubMedNeg,0,PubMedNeg,0,PubMedNeg,0,PubMedNeg,0,PubMedNeg,0,PubMedNeg,TRUE,https://www.afro.who.int/health-topics/marburg-haemorrhagic-fever,TRUE,PMID:25820266
Homo sapiens,Human,Flaviviridae,Flavivirus,Dengue virus,IV,A,RNA,1,0,0,0,1,0,PubMedNeg,1,PMID: 30444971,0,PubMedNeg,0,PubMedNeg,0,PubMedNeg,0,PubMedNeg,0,PubMedNeg,0,PubMedNeg,0,PubMedNeg,0,PubMedNeg,1,PMID: 25728040,0,PubMedNeg
Homo sapiens,Human,Flaviviridae,Flavivirus,Japanese encephalitis virus,IV,B,RNA,1,0,0,0,1,0,PubMedNeg,1,PMID: 24427764,0,PubMedNeg,0,PubMedNeg,0,PubMedNeg,0,PubMedNeg,0,PubMedNeg,0,PubMedNeg,0,PubMedNeg,0,PubMedNeg,1,PMID: 29043965,0,PubMedNeg
Homo sapiens,Human,Flaviviridae,Flavivirus,Louping ill virus,IV,,RNA,1,0,0,0,1,0,PubMedNeg,1,PMID: 24907187,0,PubMedNeg,0,PubMedNeg,0,PubMedNeg,0,PubMedNeg,0,PubMedNeg,0,PubMedNeg,0,PubMedNeg,0,PubMedNeg,0,PubMedNeg,0,PubMedNeg
Homo sapiens,Human,Flaviviridae,Flavivirus,Murray valley encephalitis virus,IV,,RNA,1,0,0,0,1,0,PubMedNeg,1,PMID: 29044370,0,PubMedNeg,0,PubMedNeg,0,PubMedNeg,0,PubMedNeg,0,PubMedNeg,0,PubMedNeg,0,PubMedNeg,0,PubMedNeg,0,PubMedNeg,0,PubMedNeg
Homo sapiens,Human,Flaviviridae,Flavivirus,Saint Louis encephalitis virus,IV,B,RNA,1,0,0,0,1,0,PubMedNeg,1,PMID: 21629729,0,PubMedNeg,0,PubMedNeg,0,PubMedNeg,0,PubMedNeg,0,PubMedNeg,0,PubMedNeg,0,PubMedNeg,0,PubMedNeg,0,PubMedNeg,0,PubMedNeg
Homo sapiens,Human,Flaviviridae,Flavivirus,Wesselsbron virus,IV,,RNA,1,0,0,0,1,0,PubMedNeg,1,PMID: 1964039,0,PubMedNeg,0,PubMedNeg,0,PubMedNeg,0,PubMedNeg,0,PubMedNeg,0,PubMedNeg,0,PubMedNeg,0,PubMedNeg,0,PubMedNeg,0,PubMedNeg
Homo sapiens,Human,Flaviviridae,Flavivirus,West Nile virus,IV,B,RNA,1,0,0,0,1,0,PubMedNeg,1,PMID: 30444971,0,PubMedNeg,0,PubMedNeg,0,PubMedNeg,0,PubMedNeg,0,PubMedNeg,0,PubMedNeg,0,PMID: 16510632,0,PubMedNeg,1,PMID: 22544764,0,PubMedNeg
Homo sapiens,Human,Flaviviridae,Flavivirus,Yellow fever virus,IV,B,RNA,1,0,0,0,1,0,PubMedNeg,1,PMID: 30444971,0,PubMedNeg,0,PubMedNeg,0,PubMedNeg,0,PubMedNeg,0,PubMedNeg,1,PMID: 29882971,0,PubMedNeg,0,PubMedNeg,1,PMID:20094025,0,PubMedNeg
Homo sapiens,Human,Flaviviridae,Flavivirus,Zika virus,IV,B,RNA,1,0,0,0,1,0,PubMedNeg,1,PMID: 30444971,0,PubMedNeg,0,PubMedNeg,1,PMID: 28656018,0,PubMedNeg,0,PubMedNeg,0,PMID: 30809448,1,PMID: 28402153,0,PubMedNeg,1,PMID: 27078190,0,PubMedNeg
Homo sapiens,Human,Flaviviridae,Flavivirus,Omsk hemorrhagic fever virus virus,IV,C,RNA,1,0,0,0,1,0,PubMedNeg,1,PMID: 24907187,0,PubMedNeg,0,PubMedNeg,0,PubMedNeg,0,PubMedNeg,0,PubMedNeg,0,PubMedNeg,0,PubMedNeg,0,PubMedNeg,0,PubMedNeg,0,PubMedNeg
Homo sapiens,Human,Flaviviridae,Flavivirus,Alkhurma virus,IV,C,RNA,1,0,0,0,1,0,PubMedNeg,1,PMID: 24907187,0,PubMedNeg,0,PubMedNeg,0,PubMedNeg,1,PMID:28456648 ,0,PubMedNeg,0,PubMedNeg,0,PubMedNeg,0,PubMedNeg,1,PMID: 21122217,1,PMID: 20920527
Homo sapiens,Human,Flaviviridae,Flavivirus,Kyasanur Forest virus,IV,C,RNA,1,0,0,0,1,0,PubMedNeg,1,PMID: 24907187,0,PubMedNeg,0,PubMedNeg,0,PubMedNeg,0,PubMedNeg,0,PubMedNeg,0,PubMedNeg,0,PubMedNeg,0,PubMedNeg,0,PubMedNeg,0,PubMedNeg
Homo sapiens,Human,Flaviviridae,Flavivirus,Tickborne encephalitis virus,IV,C,RNA,1,0,0,0,1,0,PubMedNeg,1,PMID: 24907187,0,PubMedNeg,0,PubMedNeg,0,PubMedNeg,0,PubMedNeg,0,PubMedNeg,0,PubMedNeg,0,PubMedNeg,0,PubMedNeg,0,PubMedNeg,0,PubMedNeg
Homo sapiens,Human,Flaviviridae,Hepacivirus,Hepatitis C virus,IV,additional emerging virus,RNA,1,0,0,0,1,0,PubMedNeg,0,PubMedNeg,1,PMID: 18312289,0,PubMedNeg,1,PMID: 20706177,0,PubMedNeg,1,PMID: 7811879,0,PMID: 15384578,1,PMID: 24928290,0,PubMedNeg,1,PMID: 25473152,0,PubMedNeg
Homo sapiens,Human,Flaviviridae,Pegivirus,Hepatitis G virus,IV,,RNA,1,0,0,0,1,0,PubMedNeg,0,PubMedNeg,0,PubMedNeg,0,PubMedNeg,1,PMID: 9661838,0,PubMedNeg,0,PubMedNeg,0,PubMedNeg,1,Merck Veterinary Manual,0,PubMedNeg,1,PMID: 10364608,0,PubMedNeg
Homo sapiens,Human,Hantaviridae,Orthohantavirus,Sin Nombre orthohantavirus,V,A,RNA,1,0,0,0,1,0,PubMedNeg,0,PubMedNeg,1,PMID: 12587657,1,PMID: 12587657,0,PubMedNeg,0,PubMedNeg,1,PMID: 20113567,0,PubMedNeg,0,PubMedNeg,0,PubMedNeg,0,PubMedNeg,0,PubMedNeg
Homo sapiens,Human,Hepadnaviridae,Orthohepadnavirus,Hepatitis B virus,VII,,DNA,1,0,1,1,1,0,PMID: 26289533,0,PubMedNeg,0,PubMedNeg,0,PubMedNeg,1,PMID: 12887033,0,PubMedNeg,1,PMID: 15911449,0,PMID: 15384578,1,Merck Veterinary Manual,0,PubMedNeg,1,PMID: 29939980,1,PMID: 21497126
Homo sapiens,Human,Hepeviridae,Orthohepevirus,Orthohepevirus A,IV,additional emerging virus,RNA,1,0,0,0,0,1,"Fenner, Frank J.; Gibbs, E. Paul J.; Murphy, Frederick A.; Rott, Rudolph; Studdert, Michael J.; White, David O. (1993). Veterinary Virology (2nd ed.). Academic Press, Inc. ISBN 978-0-12-253056-2",0,PubMedNeg,0,PubMedNeg,0,PubMedNeg,0,PubMedNeg,0,PubMedNeg,0,PubMedNeg,0,PubMedNeg,0,PubMedNeg,0,PubMedNeg,0,PubMedNeg,0,PubMedNeg
Homo sapiens,Human,Herpesviridae,Simplexvirus,Herpes simplex virus 1,I,,DNA,1,0,0,0,1,0,PubMedNeg,0,PubMedNeg,0,PubMedNeg,0,PubMedNeg,1,PMID:25153069,0,PubMedNeg,1,PMID:26581494,0,PMID:26917575,1,PMID:19150274,0,PubMedNeg,0,PMID:10878482,1,PMID:30106670
Homo sapiens,Human,Herpesviridae,Simplexvirus,Herpes simplex virus 2,I,,DNA,1,0,0,0,1,0,PubMedNeg,0,PubMedNeg,0,PubMedNeg,0,PubMedNeg,1,PMID:25153069,0,PubMedNeg,0,PubMedNeg,0,PubMedNeg,1,PMID:12517231 ,0,PubMedNeg,0,PMID:10878482,1,PMID:185732
Homo sapiens,Human,Herpesviridae,Varicellovirus,Human herpes virus 3/varicela-zoster virus,I,,DNA,1,0,0,0,1,0,PubMedNeg,0,PubMedNeg,1,PMID:12399190,0,PubMedNeg,0,PubMedNeg,0,PubMedNeg,0,PubMedNeg,1,PMID:25573640,1,PMID:26965725,0,PubMedNeg,0,PMID:10878482,1,PMID:2153790
Homo sapiens,Human,Herpesviridae,Lymphocryptovirus,Human herpes virus 4/Epstein bar virus,I,,DNA,1,0,0,0,1,0,PubMedNeg,0,PubMedNeg,0,PubMedNeg,0,PubMedNeg,1,PMID: 10837190,0,PubMedNeg,0,PubMedNeg,0,PubMedNeg,0,PubMedNeg,0,PubMedNeg,1,PMID:10878482,1,PMID:12614729 
Homo sapiens,Human,Herpesviridae,Cytomegalovirus,Human herpes virus 5/cytomegalovirus,I,,DNA,1,0,0,0,1,0,PubMedNeg,0,PubMedNeg,0,PubMedNeg,0,PubMedNeg,1,PMID: 18354346 ,0,PubMedNeg,0,PubMedNeg,1,PMID:26917575,1,PMID: 28416012,0,PubMedNeg,1,PMID:10878482,1,PMID: 30984257
Homo sapiens,Human,Herpesviridae,Roseolovirus,HHV6,I,additional emerging virus,DNA,1,0,0,0,1,0,PubMedNeg,0,PubMedNeg,0,PubMedNeg,0,PubMedNeg,1,PMID: 10738135,0,PubMedNeg,0,PubMedNeg,0,PMID: 9783698,1,PMID:15480369,1,PMID: 28835501,1,PMID:10878482,0,PubMedNeg
Homo sapiens,Human,Herpesviridae,Roseolovirus,HHV7,I,,DNA,1,0,0,0,1,0,PubMedNeg,0,PubMedNeg,0,PubMedNeg,0,PubMedNeg,0,PubMedNeg,0,PubMedNeg,0,PubMedNeg,0,PubMedNeg,1,PMID:15480369,1,PMID: 28284243,1,PMID:10878482,1,PMID: 11427741
Homo sapiens,Human,Herpesviridae,Rhadinovirus,HHV8,I,additional emerging virus,DNA,1,0,0,0,1,0,PubMedNeg,0,PubMedNeg,0,PubMedNeg,0,PubMedNeg,1,PMID: 17570106,0,PubMedNeg,0,PubMedNeg,0,PubMedNeg,1,PMID: 19115001,0,PubMedNeg,0,PubMedNeg,1,PMID: 17496573
Homo sapiens,Human,Nairoviridae,Orthonairovirus,Crimean-Congo hemorrhagic fever orthonairovirus,V,A,RNA,1,0,0,0,1,0,PubMedNeg,1,PMID: 24907187,0,PubMedNeg,0,PubMedNeg,0,PubMedNeg,0,PubMedNeg,0,PubMedNeg,0,PMID: 17934982,0,PubMedNeg,0,PubMedNeg,0,PubMedNeg,1,PMID: 31022170
Homo sapiens,Human,Nairoviridae,Orthonairovirus,Nairobi sheep disease orthonairovirus,V,,RNA,1,0,0,0,1,0,PubMedNeg,1,PMID:25811222,0,PubMedNeg,0,PubMedNeg,0,PubMedNeg,0,PubMedNeg,0,PubMedNeg,0,PubMedNeg,0,PubMedNeg,0,PubMedNeg,0,PubMedNeg,0,PubMedNeg
Homo sapiens,Human,Orthomyxoviridae,Alphainfluenzavirus,Influenza A virus,V,C,RNA,0,0,0,1,1,0,PubMedNeg,0,PubMedNeg,1,"Fenner, Frank J.; Gibbs, E. Paul J.; Murphy, Frederick A.; Rott, Rudolph; Studdert, Michael J.; White, David O. (1993). Veterinary Virology (2nd ed.). Academic Press, Inc. ISBN 978-0-12-253056-2",0,PubMedNeg,0,PubMedNeg,0,PubMedNeg,0,PubMedNeg,0,PubMedNeg,0,PubMedNeg,0,PubMedNeg,0,PubMedNeg,1,"Fenner, Frank J.; Gibbs, E. Paul J.; Murphy, Frederick A.; Rott, Rudolph; Studdert, Michael J.; White, David O. (1993). Veterinary Virology (2nd ed.). Academic Press, Inc. ISBN 978-0-12-253056-2"
Homo sapiens,Human,Orthomyxoviridae,Betainfluenzavirus,Influenza B virus,V,,RNA,0,0,0,1,1,0,PubMedNeg,0,PubMedNeg,1,"Fenner, Frank J.; Gibbs, E. Paul J.; Murphy, Frederick A.; Rott, Rudolph; Studdert, Michael J.; White, David O. (1993). Veterinary Virology (2nd ed.). Academic Press, Inc. ISBN 978-0-12-253056-2",0,PubMedNeg,0,PubMedNeg,0,PubMedNeg,0,PubMedNeg,0,PubMedNeg,0,PubMedNeg,0,PubMedNeg,0,PubMedNeg,1,"Fenner, Frank J.; Gibbs, E. Paul J.; Murphy, Frederick A.; Rott, Rudolph; Studdert, Michael J.; White, David O. (1993). Veterinary Virology (2nd ed.). Academic Press, Inc. ISBN 978-0-12-253056-2"
Homo sapiens,Human,Orthomyxoviridae,Gammainfluenzavirus,Influenza C virus,V,,RNA,0,0,0,1,1,0,PubMedNeg,0,PubMedNeg,1,"Fenner, Frank J.; Gibbs, E. Paul J.; Murphy, Frederick A.; Rott, Rudolph; Studdert, Michael J.; White, David O. (1993). Veterinary Virology (2nd ed.). Academic Press, Inc. ISBN 978-0-12-253056-2",0,PubMedNeg,0,PubMedNeg,0,PubMedNeg,0,PubMedNeg,0,PubMedNeg,0,PubMedNeg,0,PubMedNeg,0,PubMedNeg,1,"Fenner, Frank J.; Gibbs, E. Paul J.; Murphy, Frederick A.; Rott, Rudolph; Studdert, Michael J.; White, David O. (1993). Veterinary Virology (2nd ed.). Academic Press, Inc. ISBN 978-0-12-253056-2"
Homo sapiens,Human,Orthomyxoviridae,Thogotovirus,Thogotovirus,V,,RNA,0,0,0,1,1,0,PubMedNeg,1,PMID: 25957096,0,PubMedNeg,0,PubMedNeg,0,PubMedNeg,0,PubMedNeg,0,PubMedNeg,0,PubMedNeg,0,PubMedNeg,0,PubMedNeg,0,PubMedNeg,0,PubMedNeg
Homo sapiens,Human,Orthomyxoviridae,Thogotovirus,Dhori,V,,RNA,0,0,0,1,1,0,PubMedNeg,1,"Fenner, Frank J.; Gibbs, E. Paul J.; Murphy, Frederick A.; Rott, Rudolph; Studdert, Michael J.; White, David O. (1993). Veterinary Virology (2nd ed.). Academic Press, Inc. ISBN 978-0-12-253056-2",0,PubMedNeg,0,PubMedNeg,0,PubMedNeg,0,PubMedNeg,0,PubMedNeg,0,PubMedNeg,0,PubMedNeg,0,PubMedNeg,0,PubMedNeg,0,PubMedNeg
Homo sapiens,Human,Papillomaviridae,Alphapapillomavirus,HPV16,I,,DNA,1,0,0,0,0,0,PubMedNeg,0,PubMedNeg,0,PubMedNeg,0,PubMedNeg,1,PMID: 26691673,0,PubMedNeg,0,PubMedNeg,0,PubMedNeg,0,PubMedNeg,0,PubMedNeg,0,PubMedNeg,1,PMID: 28165175
Homo sapiens,Human,Papillomaviridae,Alphapapillomavirus,HPV18,I,,DNA,1,0,0,0,0,0,PubMedNeg,0,PubMedNeg,0,PubMedNeg,0,PubMedNeg,1,PMID: 18847553,0,PubMedNeg,0,PubMedNeg,0,PubMedNeg,0,PubMedNeg,0,PubMedNeg,0,PubMedNeg,1,PMID: 28165175
Homo sapiens,Human,Paramyxoviridae,Rubulavirus,Mumps virus,V,,RNA,1,0,1,1,1,0,PubMedNeg,0,PubMedNeg,1,R. T. Emond Mumps Postgrad Med J. 1966 May; 42(487): 318–320.,0,PubMedNeg,0,PubMedNeg,0,PubMedNeg,0,PubMedNeg,0,PubMedNeg,0,PubMedNeg,0,PubMedNeg,0,PubMedNeg,1,R. T. Emond Mumps Postgrad Med J. 1966 May; 42(487): 318–320.
Homo sapiens,Human,Paramyxoviridae,Henipavirus,Nipah virus,V,C,RNA,1,0,1,1,1,0,PubMedNeg,0,PubMedNeg,TRUE,PMID: 25229234,0,PubMedNeg,0,PubMedNeg,TRUE,PMID: 25229234,0,PubMedNeg,0,PubMedNeg,0,PubMedNeg,0,PubMedNeg,0,PubMedNeg,1,"PMID: PMID: 28388650; Fenner, Frank J.; Gibbs, E. Paul J.; Murphy, Frederick A.; Rott, Rudolph; Studdert, Michael J.; White, David O. (1993). Veterinary Virology (2nd ed.). Academic Press, Inc. ISBN 978-0-12-253056-2"
Homo sapiens,Human,Paramyxoviridae,Henipavirus,Hendra virus,V,C,RNA,1,0,1,1,1,0,PubMedNeg,0,PubMedNeg,0,PubMedNeg,0,PubMedNeg,0,PubMedNeg,0,PubMedNeg,0,PubMedNeg,0,PubMedNeg,0,PubMedNeg,0,PubMedNeg,0,PubMedNeg,1,PMID:7603375 
Homo sapiens,Human,Paramyxoviridae,Respirovirus,Parainfluenza virus,V,,RNA,1,0,1,1,1,0,PubMedNeg,0,PubMedNeg,1,https://web.archive.org/web/20120320192506/http://www.cdc.gov/ncidod/dvrd/revb/respiratory/hpivfeat.htm,0,PubMedNeg,0,PubMedNeg,0,PubMedNeg,0,PubMedNeg,0,PubMedNeg,0,PubMedNeg,0,PubMedNeg,0,PubMedNeg,1,PMID: 28893615
Homo sapiens,Human,Paramyxoviridae,Morbillivirus,Measles virus,V,additional emerging virus,RNA,1,0,1,1,1,0,PubMedNeg,0,PubMedNeg,TRUE,PMID:27483301,0,PubMedNeg,0,PubMedNeg,0,PubMedNeg,0,PubMedNeg,0,PubMedNeg,1,PMID: 23959917,0,PubMedNeg,0,PubMedNeg,TRUE,PMID:26542049
Homo sapiens,Human,Paramyxoviridae,Avulavirus,Newcastle Disease virus,V,,RNA,1,0,1,1,1,0,PubMedNeg,0,PubMedNeg,0,PubMedNeg,0,PubMedNeg,0,PubMedNeg,0,PubMedNeg,0,PubMedNeg,0,PubMedNeg,0,PubMedNeg,0,PubMedNeg,0,PubMedNeg,1,PMID: 1025751
Homo sapiens,Human,Pneumoviridae,Orthopneumovirus,Respiratory syncytial virus,V,,RNA,1,0,1,1,1,0,PubMedNeg,0,PubMedNeg,0,PubMedNeg,0,PubMedNeg,0,PubMedNeg,0,PubMedNeg,0,PubMedNeg,0,PubMedNeg,0,PubMedNeg,0,PubMedNeg,0,PubMedNeg,1,PMID: 7287181 
Homo sapiens,Human,Parvoviridae,Bocaparvovirus,Bocavirus,II,,DNA,1,0,0,0,0,1,PMID: 27818586,0,PubMedNeg,1,PMID: 16118271,0,PubMedNeg,0,PubMedNeg,0,PubMedNeg,0,PubMedNeg,0,PubMedNeg,0,PubMedNeg,0,PubMedNeg,0,PubMedNeg,0,PubMedNeg
Homo sapiens,Human,Parvoviridae,Erythroparvovirus,B19,II,,DNA,1,0,0,0,0,0,PubMedNeg,0,PubMedNeg,1,PMID: 29333409,0,PubMedNeg,0,PubMedNeg,0,PubMedNeg,0,PubMedNeg,0,PubMedNeg,1,PMID: 22777688,0,PubMedNeg,1,PMID: 26778837,0,PubMedNeg
Homo sapiens,Human,Peribunyaviridae,Orthobunyavirus,La Crosse,V,B,RNA,1,0,0,0,1,0,PubMedNeg,1,PMID: 27621342 ,0,PubMedNeg,0,PubMedNeg,0,PubMedNeg,0,PubMedNeg,0,PubMedNeg,0,PubMedNeg,1,PMID: 19145220,0,PubMedNeg,0,PubMedNeg,0,PubMedNeg
Homo sapiens,Human,Phenuiviridae,Phlebovirus,Severe fever with thrombocytopenia syndrome virus,V,C,RNA,1,0,0,0,1,0,PubMedNeg,1,PMID: 24907187,1,PMID: 30565531,0,PubMedNeg,0,PubMedNeg,0,PubMedNeg,0,PubMedNeg,0,PubMedNeg,0,PubMedNeg,0,PubMedNeg,1,PMID: 30677496,0,PubMedNeg
Homo sapiens,Human,Phenuiviridae,Phlebovirus,Heartland virus,V,C,RNA,1,0,0,0,1,0,PubMedNeg,1,PMID: 30223439 ,0,PubMedNeg,0,PubMedNeg,0,PubMedNeg,0,PubMedNeg,0,PubMedNeg,0,PubMedNeg,0,PubMedNeg,0,PubMedNeg,0,PubMedNeg,0,PubMedNeg
Homo sapiens,Human,Peribunyaviridae,Orthobunyavirus,Cache Valley virus,V,,RNA,1,0,0,0,1,0,PubMedNeg,1,PMID: 9701947,0,PubMedNeg,0,PubMedNeg,0,PubMedNeg,0,PubMedNeg,0,PubMedNeg,0,PubMedNeg,0,PubMedNeg,0,PubMedNeg,0,PubMedNeg,0,PubMedNeg
Homo sapiens,Human,Peribunyaviridae,Orthobunyavirus,Jamestown Canyon virus,V,,RNA,1,0,0,0,1,0,PubMedNeg,1,PMID: 25487728,0,PubMedNeg,0,PubMedNeg,0,PubMedNeg,0,PubMedNeg,0,PubMedNeg,0,PubMedNeg,0,PubMedNeg,0,PubMedNeg,0,PubMedNeg,0,PubMedNeg
Homo sapiens,Human,Peribunyaviridae,Orthobunyavirus,California encephalitis orthobunyavirus,V,B,RNA,1,0,0,0,1,0,PubMedNeg,1,PMID: 28726628,0,PubMedNeg,0,PubMedNeg,0,PubMedNeg,0,PubMedNeg,0,PubMedNeg,0,PubMedNeg,0,PubMedNeg,0,PubMedNeg,0,PubMedNeg,0,PubMedNeg
Homo sapiens,Human,Phenuiviridae,Phlebovirus,Rift Valley fever phlebovirus,V,A,RNA,1,0,0,0,1,0,PubMedNeg,1,PMID: 28457351,1,PMID: 30463176,0,PubMedNeg,0,PubMedNeg,1,PMID: 30036382,0,PubMedNeg,0,PubMedNeg,0,PubMedNeg,0,PubMedNeg,0,PubMedNeg,1,PMID: 30036382
Homo sapiens,Human,Picornaviridae,Enterovirus,Poliovirus/Enterovirus C,IV,additional emerging virus,RNA,1,0,0,0,0,1,PMID: 23550968,0,PubMedNeg,1,https://www.cdc.gov/polio/about/index.htm,0,PubMedNeg,0,PubMedNeg,1,https://www.cdc.gov/polio/about/index.htm,0,PubMedNeg,0,PubMedNeg,0,PubMedNeg,0,PubMedNeg,0,PubMedNeg,0,PubMedNeg
Homo sapiens,Human,Picornaviridae,Enterovirus,Rhinovirus A,IV,,RNA,1,0,0,0,0,1,PMID: 23227049,0,PubMedNeg,0,PubMedNeg,0,PubMedNeg,0,PubMedNeg,0,PubMedNeg,0,PubMedNeg,0,PubMedNeg,0,PubMedNeg,0,PubMedNeg,0,PubMedNeg,0,PubMedNeg
Homo sapiens,Human,Picornaviridae,Enterovirus,Enterovirus 68,IV,additional emerging virus,RNA,1,0,0,0,0,0,PubMedNeg,0,PubMedNeg,1,https://www.cdc.gov/non-polio-enterovirus/about/ev-d68.html,0,PubMedNeg,0,PubMedNeg,0,PubMedNeg,0,PubMedNeg,0,PubMedNeg,0,PubMedNeg,0,PubMedNeg,0,PubMedNeg,1,https://www.cdc.gov/non-polio-enterovirus/about/ev-d68.html
Homo sapiens,Human,Picornaviridae,Enterovirus,Enterovirus 71,IV,additional emerging virus,RNA,1,0,0,0,0,1,PMID: 28698666,0,PubMedNeg,0,PubMedNeg,0,PubMedNeg,0,PubMedNeg,0,PubMedNeg,0,PubMedNeg,0,PubMedNeg,1,PMID: 10987713,0,PubMedNeg,0,PubMedNeg,0,PubMedNeg
Homo sapiens,Human,Picornaviridae,Hepatovirus,Hepatitis A virus,IV,B,RNA,1,0,0,0,0,1,PMID: 23198670,0,PubMedNeg,0,PubMedNeg,0,PubMedNeg,1,PMID: 6243391,1,PMID: 15831565,0,PubMedNeg,0,PMID: 22537111,0,PubMedNeg,0,PubMedNeg,1,PMID: 15504159,0,PubMedNeg
Homo sapiens,Human,Picornaviridae,Aphthovirus,Foot and mouth disease virus,IV,,RNA,1,0,0,0,0,0,PubMedNeg,0,PubMedNeg,1,"PMID: 15112774; Fenner, Frank J.; Gibbs, E. Paul J.; Murphy, Frederick A.; Rott, Rudolph; Studdert, Michael J.; White, David O. (1993). Veterinary Virology (2nd ed.). Academic Press, Inc. ISBN 978-0-12-253056-2",0,PubMedNeg,0,PubMedNeg,1,"Fenner, Frank J.; Gibbs, E. Paul J.; Murphy, Frederick A.; Rott, Rudolph; Studdert, Michael J.; White, David O. (1993). Veterinary Virology (2nd ed.). Academic Press, Inc. ISBN 978-0-12-253056-2",0,PubMedNeg,0,PubMedNeg,0,PubMedNeg,0,PubMedNeg,0,PubMedNeg,1,"PMID: 15112774; Fenner, Frank J.; Gibbs, E. Paul J.; Murphy, Frederick A.; Rott, Rudolph; Studdert, Michael J.; White, David O. (1993). Veterinary Virology (2nd ed.). Academic Press, Inc. ISBN 978-0-12-253056-2"
Homo sapiens,Human,Polyomaviridae,Alphapolyomavirus,Human polyomavirus 2,I,additional emerging virus,DNA,1,0,0,0,0,1,PMID: 19494079,0,PubMedNeg,0,PubMedNeg,0,PubMedNeg,0,PubMedNeg,0,PubMedNeg,0,PubMedNeg,0,PubMedNeg,1,PMID:21307224,0,PubMedNeg,0,PubMedNeg,0,PMID: 23690827
Homo sapiens,Human,Polyomaviridae,Betapolyomavirus,Human polyomavirus 5,I,,DNA,1,0,0,0,0,1,PMID: 19588496,0,PubMedNeg,1,PMID: 23829968,0,PubMedNeg,1,PMID: 30791443,0,PubMedNeg,0,PubMedNeg,0,PubMedNeg,0,PubMedNeg,0,PubMedNeg,0,PubMedNeg,0,PubMedNeg
Homo sapiens,Human,Poxviridae,Orthopoxvirus,Smallpox virus,I,A,DNA,0,0,0,1,1,0,PubMedNeg,0,PubMedNeg,1,https://www.cdc.gov/smallpox/clinicians/transmission.html,0,PubMedNeg,0,PubMedNeg,0,PubMedNeg,0,PubMedNeg,0,PubMedNeg,1,PMID: 4331837,0,PubMedNeg,0,PubMedNeg,1,https://www.cdc.gov/smallpox/clinicians/transmission.html
Homo sapiens,Human,Poxviridae,Molluscipoxvirus,Molluscum contagiosum,I,,DNA,0,0,0,1,1,0,PubMedNeg,0,PubMedNeg,0,PubMedNeg,0,PubMedNeg,1,PMID: 23977728,0,PubMedNeg,0,PubMedNeg,0,PubMedNeg,1,PMID: 18950398,0,PubMedNeg,0,PubMedNeg,1,PMID:30106670
Homo sapiens,Human,Poxviridae,Orthopoxvirus,Cowpox,I,,DNA,0,0,0,1,1,0,PubMedNeg,0,PubMedNeg,0,PubMedNeg,0,PubMedNeg,0,PubMedNeg,0,PubMedNeg,1,PMID:1672197 ,0,PubMedNeg,0,PubMedNeg,0,PubMedNeg,0,PubMedNeg,1,PMID: 29852532
Homo sapiens,Human,Poxviridae,Parapoxvirus,Pseudocowpox,I,,DNA,0,0,0,1,1,0,PubMedNeg,0,PubMedNeg,0,PubMedNeg,0,PubMedNeg,0,PubMedNeg,0,PubMedNeg,0,PubMedNeg,0,PubMedNeg,0,PubMedNeg,0,PubMedNeg,0,PubMedNeg,TRUE,PMID: 29125649
Homo sapiens,Human,Poxviridae,Orthopoxvirus,Vaccinia,I,,DNA,0,0,0,1,1,0,PubMedNeg,0,PubMedNeg,0,PubMedNeg,0,PubMedNeg,1,PMID: 23446513,0,PubMedNeg,0,PubMedNeg,0,PubMedNeg,1,PMID: 12991732,0,PubMedNeg,0,PubMedNeg,1,PMID: 12377090
Homo sapiens,Human,Poxviridae,Orthopoxvirus,Monkeypox virus,I,,DNA,0,0,0,1,1,0,PubMedNeg,0,PubMedNeg,0,PubMedNeg,0,PubMedNeg,0,PubMedNeg,0,PubMedNeg,1,PMID: 6132084,0,PubMedNeg,0,PubMedNeg,0,PubMedNeg,0,PubMedNeg,1,"Fenner, Frank J.; Gibbs, E. Paul J.; Murphy, Frederick A.; Rott, Rudolph; Studdert, Michael J.; White, David O. (1993). Veterinary Virology (2nd ed.). Academic Press, Inc. ISBN 978-0-12-253056-2"
Homo sapiens,Human,Poxviridae,Parapoxvirus,Orf virus,I,,DNA,0,0,0,1,1,0,PubMedNeg,0,PubMedNeg,0,PubMedNeg,0,PubMedNeg,0,PubMedNeg,1,"Fenner, Frank J.; Gibbs, E. Paul J.; Murphy, Frederick A.; Rott, Rudolph; Studdert, Michael J.; White, David O. (1993). Veterinary Virology (2nd ed.). Academic Press, Inc. ISBN 978-0-12-253056-2",0,PubMedNeg,0,PubMedNeg,0,PubMedNeg,0,PubMedNeg,0,PubMedNeg,1,"Fenner, Frank J.; Gibbs, E. Paul J.; Murphy, Frederick A.; Rott, Rudolph; Studdert, Michael J.; White, David O. (1993). Veterinary Virology (2nd ed.). Academic Press, Inc. ISBN 978-0-12-253056-2"
Homo sapiens,Human,Reoviridae,Coltivirus,Colorado tick fever virus,III,,RNA,1,0,0,0,0,0,PubMedNeg,1,PMID: 15415593,0,PubMedNeg,0,PubMedNeg,0,PubMedNeg,0,PubMedNeg,0,PubMedNeg,0,PubMedNeg,0,PubMedNeg,0,PubMedNeg,1,PMID: 15497129,0,PubMedNeg
Homo sapiens,Human,Reoviridae,Rotavirus,Rotavirus A,III,,RNA,1,0,0,0,0,1,PMID: 11052397,0,PubMedNeg,0,PubMedNeg,0,PubMedNeg,0,PubMedNeg,0,PubMedNeg,0,PubMedNeg,0,PubMedNeg,1,PMID: 9772438,0,PubMedNeg,0,PubMedNeg,0,PubMedNeg
Homo sapiens,Human,Reoviridae,Rotavirus,Rotavirus B,III,,RNA,1,0,0,0,0,1,"Fenner, Frank J.; Gibbs, E. Paul J.; Murphy, Frederick A.; Rott, Rudolph; Studdert, Michael J.; White, David O. (1993). Veterinary Virology (2nd ed.). Academic Press, Inc. ISBN 978-0-12-253056-2",0,PubMedNeg,0,PubMedNeg,0,PubMedNeg,0,PubMedNeg,0,PubMedNeg,0,PubMedNeg,0,PubMedNeg,0,PubMedNeg,0,PubMedNeg,0,PubMedNeg,0,PubMedNeg
Homo sapiens,Human,Reoviridae,Rotavirus,Rotavirus C,III,,RNA,1,0,0,0,0,1,"Fenner, Frank J.; Gibbs, E. Paul J.; Murphy, Frederick A.; Rott, Rudolph; Studdert, Michael J.; White, David O. (1993). Veterinary Virology (2nd ed.). Academic Press, Inc. ISBN 978-0-12-253056-2",0,PubMedNeg,0,PubMedNeg,0,PubMedNeg,0,PubMedNeg,0,PubMedNeg,0,PubMedNeg,0,PubMedNeg,0,PubMedNeg,0,PubMedNeg,0,PubMedNeg,0,PubMedNeg
Homo sapiens,Human,Retroviridae,Lentivirus,HIV,VI,,RNA,1,0,0,0,1,0,PubMedNeg,0,PubMedNeg,0,PubMedNeg,0,PubMedNeg,1,PMID:24809629,0,PubMedNeg,1,PMID: 29687590,1,PMID:10703779,1,PMID:30239402,0,PubMedNeg,1,PMID:28399843,0,PubMedNeg
Homo sapiens,Human,Retroviridae,Deltaretrovirus,HTLV,VI,,RNA,1,0,0,0,1,0,PubMedNeg,0,PubMedNeg,0,PubMedNeg,0,PubMedNeg,1,PMID: 25075475,0,PubMedNeg,1,PMID: 27325689,1,PMID: 26848683,1,PMID: 25075475,0,PubMedNeg,1,PMID: 29267225,0,PubMedNeg
Homo sapiens,Human,Retroviridae,Simiispumavirus,Rhesus macaque simian foamy virus,VI,,RNA,1,0,0,0,1,0,PubMedNeg,0,PubMedNeg,0,PubMedNeg,0,PubMedNeg,0,PubMedNeg,1,PMID: 29197389,1,PMID: 29197389,0,PubMedNeg,0,PubMedNeg,0,PubMedNeg,0,PubMedNeg,1,PMID: 29197389
Homo sapiens,Human,Rhabdoviridae,Lyssavirus,Australian bat lyssavirus,V,additional emerging virus,RNA,0,1,0,0,1,0,PubMedNeg,0,PubMedNeg,1,PMID: 16687600,0,PubMedNeg,0,PubMedNeg,0,PubMedNeg,1,PMID: 10914106,0,PubMedNeg,0,PubMedNeg,0,PubMedNeg,0,PubMedNeg,0,PubMedNeg
Homo sapiens,Human,Rhabdoviridae,Lyssavirus,Rabies virus,V,C,RNA,0,1,0,0,1,0,PubMedNeg,0,PubMedNeg,0,PubMedNeg,0,PubMedNeg,0,PubMedNeg,0,PubMedNeg,1,PMID: 27313170,0,PubMedNeg,1,PMID: 26947499,0,PubMedNeg,0,PubMedNeg,0,PubMedNeg
Homo sapiens,Human,Rhabdoviridae,Vesiculovirus,Vesicular stomatitis virus,V,,RNA,0,1,0,0,1,0,PubMedNeg,1,PMID: 30544935 ,0,PubMedNeg,0,PubMedNeg,0,PubMedNeg,0,PubMedNeg,0,PubMedNeg,0,PubMedNeg,0,PubMedNeg,0,PubMedNeg,0,PubMedNeg,1,PMID: 3028192
Homo sapiens,Human,Togaviridae,Alphavirus,Eastern equine encephalitis virus,IV,B,RNA,1,0,0,0,1,0,PubMedNeg,1,PMID: 27577939,0,PubMedNeg,0,PubMedNeg,0,PubMedNeg,0,PubMedNeg,0,PubMedNeg,0,PubMedNeg,0,PubMedNeg,0,PubMedNeg,0,PubMedNeg,0,PubMedNeg
Homo sapiens,Human,Togaviridae,Alphavirus,Chikungunya virus,IV,B,RNA,1,0,0,0,1,0,PubMedNeg,1,PMID: 29194359,0,PubMedNeg,0,PubMedNeg,0,PubMedNeg,0,PubMedNeg,0,PubMedNeg,0,PubMedNeg,1,PMID: 29897898,0,PUbMedNeg,0,PubMedNeg,0,PubMedNeg
Homo sapiens,Human,Togaviridae,Rubivirus,Rubella virus,IV,,RNA,1,0,0,0,1,0,PubMedNeg,0,PubMedNeg,1,https://www.msdsonline.com/resources/sds-resources/free-safety-data-sheet-index/rubella-virus/,0,PubMedNeg,0,PubMedNeg,0,PubMedNeg,0,PubMedNeg,1,PMID: 7077090,1,PMID: 16580940 ,0,PubMedNeg,0,PubMedNeg,0,PubMedNeg
Homo sapiens,Human,Togaviridae,Alphavirus,Venezuelan equine encephalitis virus,IV,B,RNA,1,0,0,0,1,0,PubMedNeg,1,PMID: 24427764,0,PubMedNeg,0,PubMedNeg,0,PubMedNeg,0,PubMedNeg,0,PubMedNeg,0,PubMedNeg,0,PubMedNeg,0,PubMedNeg,0,PubMedNeg,0,PubMedNeg
Homo sapiens,Human,Togaviridae,Alphavirus,Western equine encephalitis virus,IV,B,RNA,1,0,0,0,1,0,PubMedNeg,1,PMID: 24427764,0,PubMedNeg,0,PubMedNeg,0,PubMedNeg,0,PubMedNeg,0,PubMedNeg,0,PubMedNeg,0,PubMedNeg,0,PubMedNeg,0,PubMedNeg,0,PubMedNeg
Sus scrofa,Pig,Adenoviridae,Mastadenovirus,Porcine mastadenovirus A,I,,DNA,1,0,0,0,0,1,http://www.cfsph.iastate.edu/pdf/shic-factsheet-porcine-adenovirus,0,PubMedNeg,0,PubMedNeg,1,http://www.cfsph.iastate.edu/pdf/shic-factsheet-porcine-adenovirus,0,PubMedNeg,0,PubMedNeg,0,PubMedNeg,0,PubMedNeg,0,PubMedNeg,0,PubMedNeg,0,PubMedNeg,0,PubMedNeg
Sus scrofa,Pig,Adenoviridae,Mastadenovirus,Porcine mastadenovirus B,I,,DNA,1,0,0,0,0,1,http://www.cfsph.iastate.edu/pdf/shic-factsheet-porcine-adenovirus,0,PubMedNeg,0,PubMedNeg,1,http://www.cfsph.iastate.edu/pdf/shic-factsheet-porcine-adenovirus,0,PubMedNeg,0,PubMedNeg,0,PubMedNeg,0,PubMedNeg,0,PubMedNeg,0,PubMedNeg,0,PubMedNeg,0,PubMedNeg
Sus scrofa,Pig,Adenoviridae,Mastadenovirus,Porcine mastadenovirus C,I,,DNA,1,0,0,0,0,1,http://www.cfsph.iastate.edu/pdf/shic-factsheet-porcine-adenovirus,0,PubMedNeg,0,PubMedNeg,1,http://www.cfsph.iastate.edu/pdf/shic-factsheet-porcine-adenovirus,0,PubMedNeg,0,PubMedNeg,0,PubMedNeg,0,PubMedNeg,0,PubMedNeg,0,PubMedNeg,0,PubMedNeg,0,PubMedNeg
Sus scrofa,Pig,Arenaviridae,Mammarenavirus,Lymphocytic choriomeningitis mammarenavirus,V,,RNA,1,0,1,1,1,0,PubMedNeg,0,PubMedNeg,1,http://www.cfsph.iastate.edu/Factsheets/pdfs/lymphocytic_choriomeningitis.pdf,0,PubMedNeg,0,PubMedNeg,0,PubMedNeg,0,PubMedNeg,0,PubMedNeg,0,PubMedNeg,0,PubMedNeg,0,PubMedNeg,1,http://www.cfsph.iastate.edu/Factsheets/pdfs/lymphocytic_choriomeningitis.pdf
Sus scrofa,Pig,Arteriviridae,Betaarterivirus,Betaarterivirus suid 1,IV,,RNA,1,0,0,0,1,0,PubMedNeg,0,PubMedNeg,1,PMID: 27793195,0,PubMedNeg,0,PubMedNeg,0,PubMedNeg,0,PubMedNeg,0,PubMedNeg,0,PubMedNeg,0,PubMedNeg,0,PubMedNeg,0,PubMedNeg
Sus scrofa,Pig,Asfarviridae,Asfivirus,African swine fever virus,I,,DNA,1,0,0,1,1,1,PMID: 26104842,1,PMID: 19967933,1,PMID: 29102127,0,PubMedNeg,0,PubMedNeg,0,PubMedNeg,0,PubMedNeg,0,PubMedNeg,0,PubMedNeg,0,PubMedNeg,0,PubMedNeg,1,PMID: 29102127
Sus scrofa,Pig,Astroviridae,Mamastrovirus,Porcine astrovirus,IV,,RNA,1,0,0,0,0,1,https://www.swinehealth.org/wp-content/uploads/2016/03/Porcine-astrovirus-PAstV.pdf,0,PubMedNeg,0,PubMedNeg,0,PubMedNeg,0,PubMedNeg,0,PubMedNeg,0,PubMedNeg,0,PubMedNeg,0,PubMedNeg,0,PubMedNeg,0,PubMedNeg,0,PubMedNeg
Sus scrofa,Pig,Caliciviridae,Vesivirus,Vesicular exanthema of swine virus,IV,,RNA,1,0,0,0,0,0,PubMedNeg,0,PubMedNeg,0,PubMedNeg,0,PubMedNeg,0,PubMedNeg,1,"Fenner, Frank J.; Gibbs, E. Paul J.; Murphy, Frederick A.; Rott, Rudolph; Studdert, Michael J.; White, David O. (1993). Veterinary Virology (2nd ed.). Academic Press, Inc. ISBN 978-0-12-253056-2",0,PubMedNeg,0,PubMedNeg,0,PubMedNeg,0,PubMedNeg,0,PubMedNeg,1,"Fenner, Frank J.; Gibbs, E. Paul J.; Murphy, Frederick A.; Rott, Rudolph; Studdert, Michael J.; White, David O. (1993). Veterinary Virology (2nd ed.). Academic Press, Inc. ISBN 978-0-12-253056-2"
Sus scrofa,Pig,Caliciviridae,Vesivirus,Porcine enteric calicivirus,IV,,RNA,1,0,0,0,0,1,PMID: 11533186,0,PubMedNeg,0,PubMedNeg,0,PubMedNeg,0,PubMedNeg,0,PubMedNeg,0,PubMedNeg,0,PubMedNeg,0,PubMedNeg,0,PubMedNeg,0,PubMedNeg,0,PubMedNeg
Sus scrofa,Pig,Circoviridae,Circovirus,Porcine circovirus,II,,DNA,1,0,0,0,0,0,PubMedNeg,0,PubMedNeg,0,PubMedNeg,0,PubMedNeg,0,PubMedNeg,0,PubMedNeg,0,PubMedNeg,0,PubMedNeg,1,PMID: 28244338,0,PubMedNeg,0,PubMedNeg,1,Merck Veterinary Manual
Sus scrofa,Pig,Coronaviridae,Alphacoronavirus,Porcine epidemic diarrhea virus,IV,,RNA,1,0,0,0,1,1,PMID:26689811,0,PubMedNeg,0,PubMedNeg,0,PubMedNeg,0,PubMedNeg,1,PMID:26689811,0,PubMedNeg,0,PubMedNeg,0,PubMedNeg,0,PubMedNeg,0,PubMedNeg,0,PubMedNeg
Sus scrofa,Pig,Coronaviridae,Deltacoronavirus,Porcine deltacoronavirus,IV,,RNA,1,0,0,0,1,1,PMID:27270129,0,PubMedNeg,1,PMID:27578872,0,PubMedNeg,0,PubMedNeg,1,PMID:27270129,0,PubMedNeg,0,PubMedNeg,0,PubMedNeg,0,PubMedNeg,0,PubMedNeg,0,PubMedNeg
Sus scrofa,Pig,Flaviviridae,Flavivirus,Japanese encephalitis virus,IV,,RNA,1,0,0,0,1,0,PubMedNeg,1,PMID: 9439119,0,PubMedNeg,0,PubMedNeg,0,PubMedNeg,0,PubMedNeg,0,PubMedNeg,0,PubMedNeg,0,PubMedNeg,0,PubMedNeg,0,PubMedNeg,0,PubMedNeg
Sus scrofa,Pig,Flaviviridae,Flavivirus,Louping ill virus,IV,,RNA,1,0,0,0,1,0,PubMedNeg,1,PMID: 24552787  ,0,PubMedNeg,0,PubMedNeg,0,PubMedNeg,0,PubMedNeg,0,PubMedNeg,0,PubMedNeg,0,PubMedNeg,0,PubMedNeg,0,PubMedNeg,0,PubMedNeg
Sus scrofa,Pig,Flaviviridae,Pestivirus,Classical swine fever virus/Hog cholera,IV,,RNA,1,0,0,0,1,0,PubMedNeg,1,PMID:237444,1,PMID: 28430168,0,PubMedNeg,0,PubMedNeg,1,PMID: 28430168,0,PUbMedNeg,0,PUbMedNeg,0,PubMedNeg,0,PubMedNeg,0,PUbMedNeg,1,PMID: 28430168
Sus scrofa,Pig,Hepeviridae,Orthohepevirus,Orthohepevirus A,IV,,RNA,1,0,0,0,0,1,"Fenner, Frank J.; Gibbs, E. Paul J.; Murphy, Frederick A.; Rott, Rudolph; Studdert, Michael J.; White, David O. (1993). Veterinary Virology (2nd ed.). Academic Press, Inc. ISBN 978-0-12-253056-2",0,PubMedNeg,0,PubMedNeg,0,PubMedNeg,0,PubMedNeg,0,PubMedNeg,0,PubMedNeg,0,PubMedNeg,0,PubMedNeg,0,PubMedNeg,0,PubMedNeg,0,PubMedNeg
Sus scrofa,Pig,Herpesviridae,Varicellovirus,Pseudorabies virus/Suid herpesvirus 1,I,,DNA,1,0,0,0,1,0,PubMedNeg,0,PubMedNeg,1,PMID: 8735512,0,PubMedNeg,1,"PMID: 21962753, 27599927",0,PubMedNeg,0,PubMedNeg,0,PubMedNeg,1,PMID: 27599927,0,PubMedNeg,0,PubMedNeg,1,PMID: 27599927
Sus scrofa,Pig,Orthomyxoviridae,Alphainfluenzavirus,Swine influenza A,V,,RNA,0,0,0,1,1,1,PMID: 9413531,0,PubMedNeg,1,Merck Veterinary Manual,0,PubMedNeg,0,PubMedNeg,0,PubMedNeg,0,PubMedNeg,0,PubMedNeg,0,PubMedNeg,0,PubMedNeg,0,PubMedNeg,0,PubMedNeg
Sus scrofa,Pig,Orthomyxoviridae,Gammainfluenzavirus,Influenza C virus,V,,RNA,0,0,0,1,1,0,PubMedNeg,0,PubMedNeg,1,https://www.swinehealth.org/wp-content/uploads/2016/03/Influenza-virus-C-IVC-and-influenza-virus-D-IVD.pdf,0,PubMedNeg,0,PubMedNeg,0,PubMedNeg,0,PubMedNeg,0,PubMedNeg,0,PubMedNeg,0,PubMedNeg,0,PubMedNeg,0,PubMedNeg
Sus scrofa,Pig,Paramyxoviridae,Morbillivirus,Rinderpest morbillivirus,V,,RNA,1,0,1,1,1,0,PubMedNeg,0,PubMedNeg,1,"Fenner, Frank J.; Gibbs, E. Paul J.; Murphy, Frederick A.; Rott, Rudolph; Studdert, Michael J.; White, David O. (1993). Veterinary Virology (2nd ed.). Academic Press, Inc. ISBN 978-0-12-253056-2",0,PubMedNeg,0,PubMedNeg,0,PubMedNeg,0,PubMedNeg,0,PubMedNeg,0,PubMedNeg,0,PubMedNeg,0,PubMedNeg,1,"Fenner, Frank J.; Gibbs, E. Paul J.; Murphy, Frederick A.; Rott, Rudolph; Studdert, Michael J.; White, David O. (1993). Veterinary Virology (2nd ed.). Academic Press, Inc. ISBN 978-0-12-253056-2"
Sus scrofa,Pig,Parvoviridae,Protoparvovirus,Porcine parvovirus,II,,DNA,1,0,0,0,0,0,PMID: 6098202,0,PubMedNeg,1,PMID: 6098202,0,PubMedNeg,0,PubMedNeg,0,PubMedNeg,0,PubMedNeg,0,PubMedNeg,1,PMID 1645596,0,PubMedNeg,0,PubMedNeg,0,PubMedNeg
Sus scrofa,Pig,Picornaviridae,Cardiovirus,Encephalomyocarditis virus,IV,,RNA,1,0,0,0,0,0,PubMedNeg,0,PubMedNeg,0,PubMedNeg,0,PubMedNeg,0,PubMedNeg,1,Merck Veterinary Manual,0,PubMedNeg,0,PubMedNeg,0,PubMedNeg,0,PubMedNeg,0,PubMedNeg,0,PubMedNeg
Sus scrofa,Pig,Picornaviridae,Aphthovirus,Foot and mouth disease virus,IV,,RNA,1,0,0,0,0,1,PMID: 29959244,0,PubMedNeg,1,PMID: 12002549,0,PubMedNeg,0,PubMedNeg,1,Merck Veterinary Manual,0,PubMedNeg,0,PubMedNeg,0,PubMedNeg,0,PubMedNeg,0,PubMedNeg,1,Merck Veterinary Manual
Sus scrofa,Pig,Picornaviridae,Enterovirus,Porcine enterovirus,IV,,RNA,1,0,0,0,0,1,PMID: 27599927,0,PubMedNeg,0,PubMedNeg,0,PubMedNeg,0,PubMedNeg,0,PubMedNeg,0,PubMedNeg,0,PubMedNeg,0,PubMedNeg,0,PubMedNeg,0,PubMedNeg,0,PubMedNeg
Sus scrofa,Pig,Picornaviridae,Enterovirus,Swine vesicular disease virus,IV,,RNA,1,0,0,0,0,1,"Fenner, Frank J.; Gibbs, E. Paul J.; Murphy, Frederick A.; Rott, Rudolph; Studdert, Michael J.; White, David O. (1993). Veterinary Virology (2nd ed.). Academic Press, Inc. ISBN 978-0-12-253056-2",0,PubMedNeg,0,PubMedNeg,0,PubMedNeg,0,PubMedNeg,1,"Fenner, Frank J.; Gibbs, E. Paul J.; Murphy, Frederick A.; Rott, Rudolph; Studdert, Michael J.; White, David O. (1993). Veterinary Virology (2nd ed.). Academic Press, Inc. ISBN 978-0-12-253056-2",0,PubMedNeg,0,PubMedNeg,0,PubMedNeg,0,PubMedNeg,0,PubMedNeg,1,"Fenner, Frank J.; Gibbs, E. Paul J.; Murphy, Frederick A.; Rott, Rudolph; Studdert, Michael J.; White, David O. (1993). Veterinary Virology (2nd ed.). Academic Press, Inc. ISBN 978-0-12-253056-2"
Sus scrofa,Pig,Poxviridae,Suipoxvirus,Swinepox,I,,DNA,0,0,0,1,1,0,PubMedNeg,1,"Fenner, Frank J.; Gibbs, E. Paul J.; Murphy, Frederick A.; Rott, Rudolph; Studdert, Michael J.; White, David O. (1993). Veterinary Virology (2nd ed.). Academic Press, Inc. ISBN 978-0-12-253056-2",0,PubMedNeg,0,PubMedNeg,0,PubMedNeg,0,PubMedNeg,0,PubMedNeg,0,PubMedNeg,1,PMID: 18500151,0,PubMedNeg,0,PubMedNeg,0,PubMedNeg
Sus scrofa,Pig,Reoviridae,Rotavirus,Rotavirus,III,,RNA,1,0,0,0,0,1,PMID: 30552559,0,PubMedNeg,0,PubMedNeg,0,PubMedNeg,0,PubMedNeg,0,PubMedNeg,0,PubMedNeg,0,PubMedNeg,0,PubMedNeg,0,PubMedNeg,0,PubMedNeg,0,PubMedNeg
Sus scrofa,Pig,Retroviridae,Gammaretrovirus,Porcine endogenous retrovirus,VI,,RNA,1,0,0,0,1,0,PubMedNeg,0,PubMedNeg,0,PubMedNeg,0,PubMedNeg,0,PubMedNeg,0,PubMedNeg,0,PubMedNeg,0,PubMedNeg,0,PubMedNeg,1,PMID: 23897566,0,PubMedNeg,0,PubMedNeg
Sus scrofa,Pig,Rhabdoviridae,Vesiculovirus,Vesicular stomatitis virus,V,,RNA,0,1,0,0,1,0,PubMedNeg,1,PMID: 23034141,0,PubMedNeg,0,PubMedNeg,0,PubMedNeg,0,PubMedNeg,0,PubMedNeg,0,PubMedNeg,0,PubMedNeg,0,PubMedNeg,0,PubMedNeg,0,PubMedNeg
Sus scrofa,Pig,Rhabdoviridae,Lyssavirus,Rabies virus,V,,RNA,0,1,0,0,1,0,PubMedNeg,0,PubMedNeg,0,PubMedNeg,0,PubMedNeg,0,PubMedNeg,0,PubMedNeg,1,PMID: 17559696,0,PubMedNeg,0,PubMedNeg,0,PubMedNeg,0,PubMedNeg,0,PubMedNeg
Sus scrofa,Pig,Togaviridae,Alphavirus,Eastern equine encephalitis virus,IV,,RNA,1,0,0,0,1,0,PubMedNeg,1,PMID: 10548292,0,PubMedNeg,0,PubMedNeg,0,PubMedNeg,0,PubMedNeg,0,PubMedNeg,0,PubMedNeg,0,PubMedNeg,0,PubMedNeg,0,PubMedNeg,0,PubMedNeg
